DomainLabel,VarName,REGION,_REGION,activity,_activity,RENELC,_RENELC,DiffEst,StdErr,DF,tValue,Probt
REGION*activity*RENELC,bleu,Northeast,Northeast,Education,Education,Yes,No,-0.998429,1.432830,197,-0.70,0.4867
REGION*activity*RENELC,bleu,Northeast,Northeast,Education,Office,Yes,Yes,-3.465649,1.470185,197,-2.36,0.0194
REGION*activity*RENELC,bleu,Northeast,Northeast,Education,Office,Yes,No,-5.178216,1.409134,197,-3.67,0.0003
REGION*activity*RENELC,bleu,Northeast,Northeast,Education,Service,Yes,Yes,-2.197148,3.680207,197,-0.60,0.5512
REGION*activity*RENELC,bleu,Northeast,Northeast,Education,Service,Yes,No,-2.700118,1.549504,197,-1.74,0.0830
REGION*activity*RENELC,bleu,Northeast,Northeast,Education,Shopping,Yes,Yes,-8.997403,1.746789,197,-5.15,<.0001
REGION*activity*RENELC,bleu,Northeast,Northeast,Education,Shopping,Yes,No,-6.717978,1.718395,197,-3.91,0.0001
REGION*activity*RENELC,bleu,Northeast,Northeast,Education,Warehouse,Yes,Yes,0.881708,2.318384,197,0.38,0.7041
REGION*activity*RENELC,bleu,Northeast,Northeast,Education,Warehouse,Yes,No,1.743631,1.088235,197,1.60,0.1107
REGION*activity*RENELC,bleu,Northeast,Midwest,Education,Education,Yes,Yes,-5.067270,3.243889,197,-1.56,0.1199
REGION*activity*RENELC,bleu,Northeast,Midwest,Education,Education,Yes,No,-3.697091,1.266168,197,-2.92,0.0039
REGION*activity*RENELC,bleu,Northeast,Midwest,Education,Office,Yes,Yes,-4.481560,1.854931,197,-2.42,0.0166
REGION*activity*RENELC,bleu,Northeast,Midwest,Education,Office,Yes,No,-6.195525,1.378189,197,-4.50,<.0001
REGION*activity*RENELC,bleu,Northeast,Midwest,Education,Service,Yes,Yes,-2.887634,2.587571,197,-1.12,0.2658
REGION*activity*RENELC,bleu,Northeast,Midwest,Education,Service,Yes,No,-2.248493,1.322766,197,-1.70,0.0907
REGION*activity*RENELC,bleu,Northeast,Midwest,Education,Shopping,Yes,Yes,-9.647528,5.349983,197,-1.80,0.0729
REGION*activity*RENELC,bleu,Northeast,Midwest,Education,Shopping,Yes,No,-9.018826,1.494542,197,-6.03,<.0001
REGION*activity*RENELC,bleu,Northeast,Midwest,Education,Warehouse,Yes,Yes,-2.465757,3.159519,197,-0.78,0.4361
REGION*activity*RENELC,bleu,Northeast,Midwest,Education,Warehouse,Yes,No,2.062697,0.941829,197,2.19,0.0297
REGION*activity*RENELC,bleu,Northeast,South,Education,Education,Yes,Yes,-9.277966,5.099683,197,-1.82,0.0704
REGION*activity*RENELC,bleu,Northeast,South,Education,Education,Yes,No,-8.221161,1.299736,197,-6.33,<.0001
REGION*activity*RENELC,bleu,Northeast,South,Education,Office,Yes,Yes,-5.949393,1.523535,197,-3.90,0.0001
REGION*activity*RENELC,bleu,Northeast,South,Education,Office,Yes,No,-8.502282,1.170473,197,-7.26,<.0001
REGION*activity*RENELC,bleu,Northeast,South,Education,Service,Yes,Yes,-2.814479,1.943896,197,-1.45,0.1492
REGION*activity*RENELC,bleu,Northeast,South,Education,Service,Yes,No,-5.372096,1.527993,197,-3.52,0.0005
REGION*activity*RENELC,bleu,Northeast,South,Education,Shopping,Yes,Yes,-15.555533,4.869978,197,-3.19,0.0016
REGION*activity*RENELC,bleu,Northeast,South,Education,Shopping,Yes,No,-11.049477,1.308204,197,-8.45,<.0001
REGION*activity*RENELC,bleu,Northeast,South,Education,Warehouse,Yes,Yes,-4.486918,2.076044,197,-2.16,0.0319
REGION*activity*RENELC,bleu,Northeast,South,Education,Warehouse,Yes,No,-1.735982,1.774849,197,-0.98,0.3292
REGION*activity*RENELC,bleu,Northeast,West,Education,Education,Yes,Yes,-6.885969,6.071621,197,-1.13,0.2581
REGION*activity*RENELC,bleu,Northeast,West,Education,Education,Yes,No,-2.882171,1.151353,197,-2.50,0.0131
REGION*activity*RENELC,bleu,Northeast,West,Education,Office,Yes,Yes,-3.878254,1.138144,197,-3.41,0.0008
REGION*activity*RENELC,bleu,Northeast,West,Education,Office,Yes,No,-7.933781,1.533310,197,-5.17,<.0001
REGION*activity*RENELC,bleu,Northeast,West,Education,Service,Yes,Yes,-0.777268,2.625520,197,-0.30,0.7675
REGION*activity*RENELC,bleu,Northeast,West,Education,Service,Yes,No,-3.337072,1.686919,197,-1.98,0.0493
REGION*activity*RENELC,bleu,Northeast,West,Education,Shopping,Yes,Yes,-5.160294,3.529131,197,-1.46,0.1453
REGION*activity*RENELC,bleu,Northeast,West,Education,Shopping,Yes,No,-10.382878,2.000568,197,-5.19,<.0001
REGION*activity*RENELC,bleu,Northeast,West,Education,Warehouse,Yes,Yes,1.634089,1.425687,197,1.15,0.2531
REGION*activity*RENELC,bleu,Northeast,West,Education,Warehouse,Yes,No,0.890833,1.006945,197,0.88,0.3774
REGION*activity*RENELC,bleu,Northeast,Northeast,Education,Office,No,Yes,-2.467220,1.789588,197,-1.38,0.1696
REGION*activity*RENELC,bleu,Northeast,Northeast,Education,Office,No,No,-4.179787,0.737126,197,-5.67,<.0001
REGION*activity*RENELC,bleu,Northeast,Northeast,Education,Service,No,Yes,-1.198719,3.388585,197,-0.35,0.7239
REGION*activity*RENELC,bleu,Northeast,Northeast,Education,Service,No,No,-1.701689,1.654724,197,-1.03,0.3050
REGION*activity*RENELC,bleu,Northeast,Northeast,Education,Shopping,No,Yes,-7.998973,1.810616,197,-4.42,<.0001
REGION*activity*RENELC,bleu,Northeast,Northeast,Education,Shopping,No,No,-5.719549,2.223451,197,-2.57,0.0108
REGION*activity*RENELC,bleu,Northeast,Northeast,Education,Warehouse,No,Yes,1.880138,1.922792,197,0.98,0.3294
REGION*activity*RENELC,bleu,Northeast,Northeast,Education,Warehouse,No,No,2.742060,0.944235,197,2.90,0.0041
REGION*activity*RENELC,bleu,Northeast,Midwest,Education,Education,No,Yes,-4.068841,3.270475,197,-1.24,0.2149
REGION*activity*RENELC,bleu,Northeast,Midwest,Education,Education,No,No,-2.698662,1.334203,197,-2.02,0.0445
REGION*activity*RENELC,bleu,Northeast,Midwest,Education,Office,No,Yes,-3.483131,1.900748,197,-1.83,0.0684
REGION*activity*RENELC,bleu,Northeast,Midwest,Education,Office,No,No,-5.197095,1.447896,197,-3.59,0.0004
REGION*activity*RENELC,bleu,Northeast,Midwest,Education,Service,No,Yes,-1.889204,2.614522,197,-0.72,0.4708
REGION*activity*RENELC,bleu,Northeast,Midwest,Education,Service,No,No,-1.250064,1.380767,197,-0.91,0.3664
REGION*activity*RENELC,bleu,Northeast,Midwest,Education,Shopping,No,Yes,-8.649099,5.371974,197,-1.61,0.1090
REGION*activity*RENELC,bleu,Northeast,Midwest,Education,Shopping,No,No,-8.020396,1.548206,197,-5.18,<.0001
REGION*activity*RENELC,bleu,Northeast,Midwest,Education,Warehouse,No,Yes,-1.467328,3.187417,197,-0.46,0.6458
REGION*activity*RENELC,bleu,Northeast,Midwest,Education,Warehouse,No,No,3.061126,1.031374,197,2.97,0.0034
REGION*activity*RENELC,bleu,Northeast,South,Education,Education,No,Yes,-8.279537,5.126149,197,-1.62,0.1079
REGION*activity*RENELC,bleu,Northeast,South,Education,Education,No,No,-7.222732,1.372190,197,-5.26,<.0001
REGION*activity*RENELC,bleu,Northeast,South,Education,Office,No,Yes,-4.950964,1.584853,197,-3.12,0.0021
REGION*activity*RENELC,bleu,Northeast,South,Education,Office,No,No,-7.503853,1.249448,197,-6.01,<.0001
REGION*activity*RENELC,bleu,Northeast,South,Education,Service,No,Yes,-1.816049,1.995435,197,-0.91,0.3639
REGION*activity*RENELC,bleu,Northeast,South,Education,Service,No,No,-4.373666,1.583516,197,-2.76,0.0063
REGION*activity*RENELC,bleu,Northeast,South,Education,Shopping,No,Yes,-14.557104,4.865629,197,-2.99,0.0031
REGION*activity*RENELC,bleu,Northeast,South,Education,Shopping,No,No,-10.051048,1.370332,197,-7.33,<.0001
REGION*activity*RENELC,bleu,Northeast,South,Education,Warehouse,No,Yes,-3.488489,2.122668,197,-1.64,0.1019
REGION*activity*RENELC,bleu,Northeast,South,Education,Warehouse,No,No,-0.737552,1.837978,197,-0.40,0.6886
REGION*activity*RENELC,bleu,Northeast,West,Education,Education,No,Yes,-5.887539,6.079941,197,-0.97,0.3341
REGION*activity*RENELC,bleu,Northeast,West,Education,Education,No,No,-1.883742,1.238414,197,-1.52,0.1298
REGION*activity*RENELC,bleu,Northeast,West,Education,Office,No,Yes,-2.879824,1.226721,197,-2.35,0.0199
REGION*activity*RENELC,bleu,Northeast,West,Education,Office,No,No,-6.935351,1.590915,197,-4.36,<.0001
REGION*activity*RENELC,bleu,Northeast,West,Education,Service,No,Yes,0.221161,2.680432,197,0.08,0.9343
REGION*activity*RENELC,bleu,Northeast,West,Education,Service,No,No,-2.338642,1.741414,197,-1.34,0.1808
REGION*activity*RENELC,bleu,Northeast,West,Education,Shopping,No,Yes,-4.161864,3.557431,197,-1.17,0.2435
REGION*activity*RENELC,bleu,Northeast,West,Education,Shopping,No,No,-9.384448,2.059927,197,-4.56,<.0001
REGION*activity*RENELC,bleu,Northeast,West,Education,Warehouse,No,Yes,2.632518,1.487639,197,1.77,0.0783
REGION*activity*RENELC,bleu,Northeast,West,Education,Warehouse,No,No,1.889263,1.094902,197,1.73,0.0860
REGION*activity*RENELC,bleu,Northeast,Northeast,Office,Office,Yes,No,-1.712567,1.607498,197,-1.07,0.2880
REGION*activity*RENELC,bleu,Northeast,Northeast,Office,Service,Yes,Yes,1.268501,3.418965,197,0.37,0.7110
REGION*activity*RENELC,bleu,Northeast,Northeast,Office,Service,Yes,No,0.765531,1.698889,197,0.45,0.6528
REGION*activity*RENELC,bleu,Northeast,Northeast,Office,Shopping,Yes,Yes,-5.531754,2.550670,197,-2.17,0.0313
REGION*activity*RENELC,bleu,Northeast,Northeast,Office,Shopping,Yes,No,-3.252329,1.696227,197,-1.92,0.0566
REGION*activity*RENELC,bleu,Northeast,Northeast,Office,Warehouse,Yes,Yes,4.347357,2.529677,197,1.72,0.0873
REGION*activity*RENELC,bleu,Northeast,Northeast,Office,Warehouse,Yes,No,5.209280,1.686343,197,3.09,0.0023
REGION*activity*RENELC,bleu,Northeast,Midwest,Office,Education,Yes,Yes,-1.601621,3.360911,197,-0.48,0.6342
REGION*activity*RENELC,bleu,Northeast,Midwest,Office,Education,Yes,No,-0.231442,1.565727,197,-0.15,0.8826
REGION*activity*RENELC,bleu,Northeast,Midwest,Office,Office,Yes,Yes,-1.015911,2.083287,197,-0.49,0.6263
REGION*activity*RENELC,bleu,Northeast,Midwest,Office,Office,Yes,No,-2.729875,1.677254,197,-1.63,0.1052
REGION*activity*RENELC,bleu,Northeast,Midwest,Office,Service,Yes,Yes,0.578016,2.752144,197,0.21,0.8339
REGION*activity*RENELC,bleu,Northeast,Midwest,Office,Service,Yes,No,1.217156,1.623875,197,0.75,0.4544
REGION*activity*RENELC,bleu,Northeast,Midwest,Office,Shopping,Yes,Yes,-6.181879,5.436747,197,-1.14,0.2569
REGION*activity*RENELC,bleu,Northeast,Midwest,Office,Shopping,Yes,No,-5.553176,1.770417,197,-3.14,0.0020
REGION*activity*RENELC,bleu,Northeast,Midwest,Office,Warehouse,Yes,Yes,0.999892,3.301871,197,0.30,0.7623
REGION*activity*RENELC,bleu,Northeast,Midwest,Office,Warehouse,Yes,No,5.528346,1.332578,197,4.15,<.0001
REGION*activity*RENELC,bleu,Northeast,South,Office,Education,Yes,Yes,-5.812317,5.191741,197,-1.12,0.2643
REGION*activity*RENELC,bleu,Northeast,South,Office,Education,Yes,No,-4.755512,1.616039,197,-2.94,0.0036
REGION*activity*RENELC,bleu,Northeast,South,Office,Office,Yes,Yes,-2.483744,1.794000,197,-1.38,0.1678
REGION*activity*RENELC,bleu,Northeast,South,Office,Office,Yes,No,-5.036633,1.507702,197,-3.34,0.0010
REGION*activity*RENELC,bleu,Northeast,South,Office,Service,Yes,Yes,0.651170,2.169647,197,0.30,0.7644
REGION*activity*RENELC,bleu,Northeast,South,Office,Service,Yes,No,-1.906447,1.805880,197,-1.06,0.2924
REGION*activity*RENELC,bleu,Northeast,South,Office,Shopping,Yes,Yes,-12.089884,4.960413,197,-2.44,0.0157
REGION*activity*RENELC,bleu,Northeast,South,Office,Shopping,Yes,No,-7.583828,1.610729,197,-4.71,<.0001
REGION*activity*RENELC,bleu,Northeast,South,Office,Warehouse,Yes,Yes,-1.021269,2.287954,197,-0.45,0.6558
REGION*activity*RENELC,bleu,Northeast,South,Office,Warehouse,Yes,No,1.729667,2.017942,197,0.86,0.3924
REGION*activity*RENELC,bleu,Northeast,West,Office,Education,Yes,Yes,-3.420319,6.145089,197,-0.56,0.5784
REGION*activity*RENELC,bleu,Northeast,West,Office,Education,Yes,No,0.583478,1.496278,197,0.39,0.6970
REGION*activity*RENELC,bleu,Northeast,West,Office,Office,Yes,Yes,-0.412605,1.483688,197,-0.28,0.7812
REGION*activity*RENELC,bleu,Northeast,West,Office,Office,Yes,No,-4.468132,1.809609,197,-2.47,0.0144
REGION*activity*RENELC,bleu,Northeast,West,Office,Service,Yes,Yes,2.688381,2.799445,197,0.96,0.3381
REGION*activity*RENELC,bleu,Northeast,West,Office,Service,Yes,No,0.128578,1.931793,197,0.07,0.9470
REGION*activity*RENELC,bleu,Northeast,West,Office,Shopping,Yes,Yes,-1.694645,3.654605,197,-0.46,0.6434
REGION*activity*RENELC,bleu,Northeast,West,Office,Shopping,Yes,No,-6.917229,2.226262,197,-3.11,0.0022
REGION*activity*RENELC,bleu,Northeast,West,Office,Warehouse,Yes,Yes,5.099738,1.711938,197,2.98,0.0033
REGION*activity*RENELC,bleu,Northeast,West,Office,Warehouse,Yes,No,4.356482,1.385883,197,3.14,0.0019
REGION*activity*RENELC,bleu,Northeast,Northeast,Office,Service,No,Yes,2.981068,3.519738,197,0.85,0.3980
REGION*activity*RENELC,bleu,Northeast,Northeast,Office,Service,No,No,2.478098,1.530078,197,1.62,0.1069
REGION*activity*RENELC,bleu,Northeast,Northeast,Office,Shopping,No,Yes,-3.819187,1.855257,197,-2.06,0.0409
REGION*activity*RENELC,bleu,Northeast,Northeast,Office,Shopping,No,No,-1.539762,2.166084,197,-0.71,0.4780
REGION*activity*RENELC,bleu,Northeast,Northeast,Office,Warehouse,No,Yes,6.059924,1.806428,197,3.35,0.0010
REGION*activity*RENELC,bleu,Northeast,Northeast,Office,Warehouse,No,No,6.921847,1.113654,197,6.22,<.0001
REGION*activity*RENELC,bleu,Northeast,Midwest,Office,Education,No,Yes,0.110946,3.290277,197,0.03,0.9731
REGION*activity*RENELC,bleu,Northeast,Midwest,Office,Education,No,No,1.481125,1.388578,197,1.07,0.2874
REGION*activity*RENELC,bleu,Northeast,Midwest,Office,Office,No,Yes,0.696656,1.939357,197,0.36,0.7198
REGION*activity*RENELC,bleu,Northeast,Midwest,Office,Office,No,No,-1.017308,1.489293,197,-0.68,0.4954
REGION*activity*RENELC,bleu,Northeast,Midwest,Office,Service,No,Yes,2.290583,2.648348,197,0.86,0.3881
REGION*activity*RENELC,bleu,Northeast,Midwest,Office,Service,No,No,2.929723,1.428038,197,2.05,0.0415
REGION*activity*RENELC,bleu,Northeast,Midwest,Office,Shopping,No,Yes,-4.469312,5.381430,197,-0.83,0.4073
REGION*activity*RENELC,bleu,Northeast,Midwest,Office,Shopping,No,No,-3.840609,1.594804,197,-2.41,0.0170
REGION*activity*RENELC,bleu,Northeast,Midwest,Office,Warehouse,No,Yes,2.712459,3.201547,197,0.85,0.3979
REGION*activity*RENELC,bleu,Northeast,Midwest,Office,Warehouse,No,No,7.240913,1.091283,197,6.64,<.0001
REGION*activity*RENELC,bleu,Northeast,South,Office,Education,No,Yes,-4.099750,5.133589,197,-0.80,0.4255
REGION*activity*RENELC,bleu,Northeast,South,Office,Education,No,No,-3.042945,1.414351,197,-2.15,0.0327
REGION*activity*RENELC,bleu,Northeast,South,Office,Office,No,Yes,-0.771177,1.624018,197,-0.47,0.6354
REGION*activity*RENELC,bleu,Northeast,South,Office,Office,No,No,-3.324066,1.298878,197,-2.56,0.0112
REGION*activity*RENELC,bleu,Northeast,South,Office,Service,No,Yes,2.363737,2.025665,197,1.17,0.2447
REGION*activity*RENELC,bleu,Northeast,South,Office,Service,No,No,-0.193880,1.630978,197,-0.12,0.9055
REGION*activity*RENELC,bleu,Northeast,South,Office,Shopping,No,Yes,-10.377317,4.888213,197,-2.12,0.0350
REGION*activity*RENELC,bleu,Northeast,South,Office,Shopping,No,No,-5.871261,1.418080,197,-4.14,<.0001
REGION*activity*RENELC,bleu,Northeast,South,Office,Warehouse,No,Yes,0.691298,2.149777,197,0.32,0.7481
REGION*activity*RENELC,bleu,Northeast,South,Office,Warehouse,No,No,3.442234,1.868219,197,1.84,0.0669
REGION*activity*RENELC,bleu,Northeast,West,Office,Education,No,Yes,-1.707752,6.097641,197,-0.28,0.7797
REGION*activity*RENELC,bleu,Northeast,West,Office,Education,No,No,2.296045,1.282721,197,1.79,0.0750
REGION*activity*RENELC,bleu,Northeast,West,Office,Office,No,Yes,1.299962,1.273831,197,1.02,0.3087
REGION*activity*RENELC,bleu,Northeast,West,Office,Office,No,No,-2.755565,1.638977,197,-1.68,0.0943
REGION*activity*RENELC,bleu,Northeast,West,Office,Service,No,Yes,4.400948,2.693322,197,1.63,0.1039
REGION*activity*RENELC,bleu,Northeast,West,Office,Service,No,No,1.841145,1.772155,197,1.04,0.3001
REGION*activity*RENELC,bleu,Northeast,West,Office,Shopping,No,Yes,0.017922,3.571633,197,0.01,0.9960
REGION*activity*RENELC,bleu,Northeast,West,Office,Shopping,No,No,-5.204662,2.086740,197,-2.49,0.0134
REGION*activity*RENELC,bleu,Northeast,West,Office,Warehouse,No,Yes,6.812305,1.533227,197,4.44,<.0001
REGION*activity*RENELC,bleu,Northeast,West,Office,Warehouse,No,No,6.069049,1.153836,197,5.26,<.0001
REGION*activity*RENELC,bleu,Northeast,Northeast,Service,Service,Yes,No,-0.502970,3.811256,197,-0.13,0.8951
REGION*activity*RENELC,bleu,Northeast,Northeast,Service,Shopping,Yes,Yes,-6.800255,4.079310,197,-1.67,0.0971
REGION*activity*RENELC,bleu,Northeast,Northeast,Service,Shopping,Yes,No,-4.520830,3.156830,197,-1.43,0.1537
REGION*activity*RENELC,bleu,Northeast,Northeast,Service,Warehouse,Yes,Yes,3.078856,3.929341,197,0.78,0.4342
REGION*activity*RENELC,bleu,Northeast,Northeast,Service,Warehouse,Yes,No,3.940779,3.619324,197,1.09,0.2776
REGION*activity*RENELC,bleu,Northeast,Midwest,Service,Education,Yes,Yes,-2.870122,4.662609,197,-0.62,0.5389
REGION*activity*RENELC,bleu,Northeast,Midwest,Service,Education,Yes,No,-1.499943,3.601395,197,-0.42,0.6775
REGION*activity*RENELC,bleu,Northeast,Midwest,Service,Office,Yes,Yes,-2.284412,3.838506,197,-0.60,0.5524
REGION*activity*RENELC,bleu,Northeast,Midwest,Service,Office,Yes,No,-3.998377,3.634194,197,-1.10,0.2726
REGION*activity*RENELC,bleu,Northeast,Midwest,Service,Service,Yes,Yes,-0.690486,4.240941,197,-0.16,0.8708
REGION*activity*RENELC,bleu,Northeast,Midwest,Service,Service,Yes,No,-0.051345,3.595555,197,-0.01,0.9886
REGION*activity*RENELC,bleu,Northeast,Midwest,Service,Shopping,Yes,Yes,-7.450380,6.327393,197,-1.18,0.2404
REGION*activity*RENELC,bleu,Northeast,Midwest,Service,Shopping,Yes,No,-6.821678,3.671401,197,-1.86,0.0647
REGION*activity*RENELC,bleu,Northeast,Midwest,Service,Warehouse,Yes,Yes,-0.268609,4.583385,197,-0.06,0.9533
REGION*activity*RENELC,bleu,Northeast,Midwest,Service,Warehouse,Yes,No,4.259845,3.486073,197,1.22,0.2232
REGION*activity*RENELC,bleu,Northeast,South,Service,Education,Yes,Yes,-7.080818,6.091355,197,-1.16,0.2465
REGION*activity*RENELC,bleu,Northeast,South,Service,Education,Yes,No,-6.024013,3.598725,197,-1.67,0.0957
REGION*activity*RENELC,bleu,Northeast,South,Service,Office,Yes,Yes,-3.752245,3.678872,197,-1.02,0.3090
REGION*activity*RENELC,bleu,Northeast,South,Service,Office,Yes,No,-6.305134,3.544460,197,-1.78,0.0768
REGION*activity*RENELC,bleu,Northeast,South,Service,Service,Yes,Yes,-0.617331,3.866257,197,-0.16,0.8733
REGION*activity*RENELC,bleu,Northeast,South,Service,Service,Yes,No,-3.174948,3.688808,197,-0.86,0.3905
REGION*activity*RENELC,bleu,Northeast,South,Service,Shopping,Yes,Yes,-13.358385,5.946867,197,-2.25,0.0258
REGION*activity*RENELC,bleu,Northeast,South,Service,Shopping,Yes,No,-8.852329,3.585256,197,-2.47,0.0144
REGION*activity*RENELC,bleu,Northeast,South,Service,Warehouse,Yes,Yes,-2.289770,3.952919,197,-0.58,0.5631
REGION*activity*RENELC,bleu,Northeast,South,Service,Warehouse,Yes,No,0.461166,3.798359,197,0.12,0.9035
REGION*activity*RENELC,bleu,Northeast,West,Service,Education,Yes,Yes,-4.688821,6.933052,197,-0.68,0.4996
REGION*activity*RENELC,bleu,Northeast,West,Service,Education,Yes,No,-0.685023,3.542429,197,-0.19,0.8469
REGION*activity*RENELC,bleu,Northeast,West,Service,Office,Yes,Yes,-1.681106,3.545426,197,-0.47,0.6359
REGION*activity*RENELC,bleu,Northeast,West,Service,Office,Yes,No,-5.736633,3.684793,197,-1.56,0.1211
REGION*activity*RENELC,bleu,Northeast,West,Service,Service,Yes,Yes,1.419880,4.260717,197,0.33,0.7393
REGION*activity*RENELC,bleu,Northeast,West,Service,Service,Yes,No,-1.139924,3.747940,197,-0.30,0.7613
REGION*activity*RENELC,bleu,Northeast,West,Service,Shopping,Yes,Yes,-2.963146,4.864885,197,-0.61,0.5432
REGION*activity*RENELC,bleu,Northeast,West,Service,Shopping,Yes,No,-8.185730,3.904956,197,-2.10,0.0373
REGION*activity*RENELC,bleu,Northeast,West,Service,Warehouse,Yes,Yes,3.831237,3.640727,197,1.05,0.2939
REGION*activity*RENELC,bleu,Northeast,West,Service,Warehouse,Yes,No,3.087981,3.497717,197,0.88,0.3784
REGION*activity*RENELC,bleu,Northeast,Northeast,Service,Shopping,No,Yes,-6.297284,2.396348,197,-2.63,0.0093
REGION*activity*RENELC,bleu,Northeast,Northeast,Service,Shopping,No,No,-4.017860,2.117297,197,-1.90,0.0592
REGION*activity*RENELC,bleu,Northeast,Northeast,Service,Warehouse,No,Yes,3.581827,2.288441,197,1.57,0.1191
REGION*activity*RENELC,bleu,Northeast,Northeast,Service,Warehouse,No,No,4.443749,1.573573,197,2.82,0.0052
REGION*activity*RENELC,bleu,Northeast,Midwest,Service,Education,No,Yes,-2.367152,3.419565,197,-0.69,0.4896
REGION*activity*RENELC,bleu,Northeast,Midwest,Service,Education,No,No,-0.996973,1.673958,197,-0.60,0.5521
REGION*activity*RENELC,bleu,Northeast,Midwest,Service,Office,No,Yes,-1.781442,2.160106,197,-0.82,0.4105
REGION*activity*RENELC,bleu,Northeast,Midwest,Service,Office,No,No,-3.495406,1.779486,197,-1.96,0.0509
REGION*activity*RENELC,bleu,Northeast,Midwest,Service,Service,No,Yes,-0.187515,2.816017,197,-0.07,0.9470
REGION*activity*RENELC,bleu,Northeast,Midwest,Service,Service,No,No,0.451625,1.729923,197,0.26,0.7943
REGION*activity*RENELC,bleu,Northeast,Midwest,Service,Shopping,No,Yes,-6.947410,5.466557,197,-1.27,0.2053
REGION*activity*RENELC,bleu,Northeast,Midwest,Service,Shopping,No,No,-6.318707,1.863884,197,-3.39,0.0008
REGION*activity*RENELC,bleu,Northeast,Midwest,Service,Warehouse,No,Yes,0.234361,3.360551,197,0.07,0.9445
REGION*activity*RENELC,bleu,Northeast,Midwest,Service,Warehouse,No,No,4.762815,1.464854,197,3.25,0.0014
REGION*activity*RENELC,bleu,Northeast,South,Service,Education,No,Yes,-6.577848,5.214532,197,-1.26,0.2086
REGION*activity*RENELC,bleu,Northeast,South,Service,Education,No,No,-5.521043,1.716508,197,-3.22,0.0015
REGION*activity*RENELC,bleu,Northeast,South,Service,Office,No,Yes,-3.249275,1.893603,197,-1.72,0.0877
REGION*activity*RENELC,bleu,Northeast,South,Service,Office,No,No,-5.802164,1.618614,197,-3.58,0.0004
REGION*activity*RENELC,bleu,Northeast,South,Service,Service,No,Yes,-0.114360,2.241534,197,-0.05,0.9594
REGION*activity*RENELC,bleu,Northeast,South,Service,Service,No,No,-2.671977,1.895268,197,-1.41,0.1602
REGION*activity*RENELC,bleu,Northeast,South,Service,Shopping,No,Yes,-12.855415,4.996034,197,-2.57,0.0108
REGION*activity*RENELC,bleu,Northeast,South,Service,Shopping,No,No,-8.349359,1.716819,197,-4.86,<.0001
REGION*activity*RENELC,bleu,Northeast,South,Service,Warehouse,No,Yes,-1.786800,2.356939,197,-0.76,0.4493
REGION*activity*RENELC,bleu,Northeast,South,Service,Warehouse,No,No,0.964137,2.103968,197,0.46,0.6473
REGION*activity*RENELC,bleu,Northeast,West,Service,Education,No,Yes,-4.185850,6.173240,197,-0.68,0.4985
REGION*activity*RENELC,bleu,Northeast,West,Service,Education,No,No,-0.182053,1.606329,197,-0.11,0.9099
REGION*activity*RENELC,bleu,Northeast,West,Service,Office,No,Yes,-1.178135,1.598893,197,-0.74,0.4621
REGION*activity*RENELC,bleu,Northeast,West,Service,Office,No,No,-5.233662,1.900537,197,-2.75,0.0064
REGION*activity*RENELC,bleu,Northeast,West,Service,Service,No,Yes,1.922850,2.860163,197,0.67,0.5022
REGION*activity*RENELC,bleu,Northeast,West,Service,Service,No,No,-0.636953,2.021557,197,-0.32,0.7530
REGION*activity*RENELC,bleu,Northeast,West,Service,Shopping,No,Yes,-2.460176,3.701045,197,-0.66,0.5070
REGION*activity*RENELC,bleu,Northeast,West,Service,Shopping,No,No,-7.682759,2.299520,197,-3.34,0.0010
REGION*activity*RENELC,bleu,Northeast,West,Service,Warehouse,No,Yes,4.334207,1.807213,197,2.40,0.0174
REGION*activity*RENELC,bleu,Northeast,West,Service,Warehouse,No,No,3.590952,1.501135,197,2.39,0.0177
REGION*activity*RENELC,bleu,Northeast,Northeast,Shopping,Shopping,Yes,No,2.279425,2.501882,197,0.91,0.3634
REGION*activity*RENELC,bleu,Northeast,Northeast,Shopping,Warehouse,Yes,Yes,9.879111,2.844711,197,3.47,0.0006
REGION*activity*RENELC,bleu,Northeast,Northeast,Shopping,Warehouse,Yes,No,10.741033,1.729391,197,6.21,<.0001
REGION*activity*RENELC,bleu,Northeast,Midwest,Shopping,Education,Yes,Yes,3.930132,3.654689,197,1.08,0.2835
REGION*activity*RENELC,bleu,Northeast,Midwest,Shopping,Education,Yes,No,5.300312,2.098998,197,2.53,0.0124
REGION*activity*RENELC,bleu,Northeast,Midwest,Shopping,Office,Yes,Yes,4.515842,2.501601,197,1.81,0.0726
REGION*activity*RENELC,bleu,Northeast,Midwest,Shopping,Office,Yes,No,2.801878,2.168787,197,1.29,0.1979
REGION*activity*RENELC,bleu,Northeast,Midwest,Shopping,Service,Yes,Yes,6.109769,3.086627,197,1.98,0.0492
REGION*activity*RENELC,bleu,Northeast,Midwest,Shopping,Service,Yes,No,6.748910,2.131756,197,3.17,0.0018
REGION*activity*RENELC,bleu,Northeast,Midwest,Shopping,Shopping,Yes,Yes,-0.650126,5.612174,197,-0.12,0.9079
REGION*activity*RENELC,bleu,Northeast,Midwest,Shopping,Shopping,Yes,No,-0.021423,2.246848,197,-0.01,0.9924
REGION*activity*RENELC,bleu,Northeast,Midwest,Shopping,Warehouse,Yes,Yes,6.531646,3.569852,197,1.83,0.0688
REGION*activity*RENELC,bleu,Northeast,Midwest,Shopping,Warehouse,Yes,No,11.060099,1.916877,197,5.77,<.0001
REGION*activity*RENELC,bleu,Northeast,South,Shopping,Education,Yes,Yes,-0.280563,5.370837,197,-0.05,0.9584
REGION*activity*RENELC,bleu,Northeast,South,Shopping,Education,Yes,No,0.776242,2.114551,197,0.37,0.7139
REGION*activity*RENELC,bleu,Northeast,South,Shopping,Office,Yes,Yes,3.048010,2.264298,197,1.35,0.1798
REGION*activity*RENELC,bleu,Northeast,South,Shopping,Office,Yes,No,0.495120,2.039377,197,0.24,0.8084
REGION*activity*RENELC,bleu,Northeast,South,Shopping,Service,Yes,Yes,6.182924,2.565071,197,2.41,0.0169
REGION*activity*RENELC,bleu,Northeast,South,Shopping,Service,Yes,No,3.625307,2.273672,197,1.59,0.1124
REGION*activity*RENELC,bleu,Northeast,South,Shopping,Shopping,Yes,Yes,-6.558131,5.127855,197,-1.28,0.2024
REGION*activity*RENELC,bleu,Northeast,South,Shopping,Shopping,Yes,No,-2.052074,2.122275,197,-0.97,0.3348
REGION*activity*RENELC,bleu,Northeast,South,Shopping,Warehouse,Yes,Yes,4.510484,2.668446,197,1.69,0.0926
REGION*activity*RENELC,bleu,Northeast,South,Shopping,Warehouse,Yes,No,7.261421,2.443999,197,2.97,0.0033
REGION*activity*RENELC,bleu,Northeast,West,Shopping,Education,Yes,Yes,2.111434,6.297430,197,0.34,0.7378
REGION*activity*RENELC,bleu,Northeast,West,Shopping,Education,Yes,No,6.115231,2.032961,197,3.01,0.0030
REGION*activity*RENELC,bleu,Northeast,West,Shopping,Office,Yes,Yes,5.119149,2.027545,197,2.52,0.0124
REGION*activity*RENELC,bleu,Northeast,West,Shopping,Office,Yes,No,1.063622,2.281481,197,0.47,0.6416
REGION*activity*RENELC,bleu,Northeast,West,Shopping,Service,Yes,Yes,8.220134,3.118779,197,2.64,0.0091
REGION*activity*RENELC,bleu,Northeast,West,Shopping,Service,Yes,No,5.660331,2.365524,197,2.39,0.0177
REGION*activity*RENELC,bleu,Northeast,West,Shopping,Shopping,Yes,Yes,3.837109,3.903787,197,0.98,0.3269
REGION*activity*RENELC,bleu,Northeast,West,Shopping,Shopping,Yes,No,-1.385475,2.613431,197,-0.53,0.5966
REGION*activity*RENELC,bleu,Northeast,West,Shopping,Warehouse,Yes,Yes,10.631492,2.202700,197,4.83,<.0001
REGION*activity*RENELC,bleu,Northeast,West,Shopping,Warehouse,Yes,No,9.888236,1.958458,197,5.05,<.0001
REGION*activity*RENELC,bleu,Northeast,Northeast,Shopping,Warehouse,No,Yes,7.599686,3.299695,197,2.30,0.0223
REGION*activity*RENELC,bleu,Northeast,Northeast,Shopping,Warehouse,No,No,8.461609,1.976263,197,4.28,<.0001
REGION*activity*RENELC,bleu,Northeast,Midwest,Shopping,Education,No,Yes,1.650708,3.642502,197,0.45,0.6509
REGION*activity*RENELC,bleu,Northeast,Midwest,Shopping,Education,No,No,3.020887,2.095401,197,1.44,0.1510
REGION*activity*RENELC,bleu,Northeast,Midwest,Shopping,Office,No,Yes,2.236418,2.500657,197,0.89,0.3722
REGION*activity*RENELC,bleu,Northeast,Midwest,Shopping,Office,No,No,0.522454,2.182766,197,0.24,0.8111
REGION*activity*RENELC,bleu,Northeast,Midwest,Shopping,Service,No,Yes,3.830345,3.083893,197,1.24,0.2157
REGION*activity*RENELC,bleu,Northeast,Midwest,Shopping,Service,No,No,4.469485,2.144134,197,2.08,0.0384
REGION*activity*RENELC,bleu,Northeast,Midwest,Shopping,Shopping,No,Yes,-2.929550,5.612371,197,-0.52,0.6023
REGION*activity*RENELC,bleu,Northeast,Midwest,Shopping,Shopping,No,No,-2.300847,2.251192,197,-1.02,0.3080
REGION*activity*RENELC,bleu,Northeast,Midwest,Shopping,Warehouse,No,Yes,4.252221,3.587359,197,1.19,0.2373
REGION*activity*RENELC,bleu,Northeast,Midwest,Shopping,Warehouse,No,No,8.780675,1.927781,197,4.55,<.0001
REGION*activity*RENELC,bleu,Northeast,South,Shopping,Education,No,Yes,-2.559988,5.380638,197,-0.48,0.6348
REGION*activity*RENELC,bleu,Northeast,South,Shopping,Education,No,No,-1.503183,2.128473,197,-0.71,0.4809
REGION*activity*RENELC,bleu,Northeast,South,Shopping,Office,No,Yes,0.768585,2.270741,197,0.34,0.7354
REGION*activity*RENELC,bleu,Northeast,South,Shopping,Office,No,No,-1.784304,2.051987,197,-0.87,0.3856
REGION*activity*RENELC,bleu,Northeast,South,Shopping,Service,No,Yes,3.903499,2.580578,197,1.51,0.1320
REGION*activity*RENELC,bleu,Northeast,South,Shopping,Service,No,No,1.345882,2.279495,197,0.59,0.5556
REGION*activity*RENELC,bleu,Northeast,South,Shopping,Shopping,No,Yes,-8.837555,5.150426,197,-1.72,0.0878
REGION*activity*RENELC,bleu,Northeast,South,Shopping,Shopping,No,No,-4.331499,2.125846,197,-2.04,0.0429
REGION*activity*RENELC,bleu,Northeast,South,Shopping,Warehouse,No,Yes,2.231060,2.679208,197,0.83,0.4060
REGION*activity*RENELC,bleu,Northeast,South,Shopping,Warehouse,No,No,4.981996,2.454401,197,2.03,0.0437
REGION*activity*RENELC,bleu,Northeast,West,Shopping,Education,No,Yes,-0.167990,6.300730,197,-0.03,0.9788
REGION*activity*RENELC,bleu,Northeast,West,Shopping,Education,No,No,3.835807,2.043986,197,1.88,0.0620
REGION*activity*RENELC,bleu,Northeast,West,Shopping,Office,No,Yes,2.839724,2.036780,197,1.39,0.1648
REGION*activity*RENELC,bleu,Northeast,West,Shopping,Office,No,No,-1.215803,2.283844,197,-0.53,0.5951
REGION*activity*RENELC,bleu,Northeast,West,Shopping,Service,No,Yes,5.940710,3.126603,197,1.90,0.0589
REGION*activity*RENELC,bleu,Northeast,West,Shopping,Service,No,No,3.380907,2.383037,197,1.42,0.1576
REGION*activity*RENELC,bleu,Northeast,West,Shopping,Shopping,No,Yes,1.557684,3.910592,197,0.40,0.6908
REGION*activity*RENELC,bleu,Northeast,West,Shopping,Shopping,No,No,-3.664900,2.623456,197,-1.40,0.1640
REGION*activity*RENELC,bleu,Northeast,West,Shopping,Warehouse,No,Yes,8.352067,2.206342,197,3.79,0.0002
REGION*activity*RENELC,bleu,Northeast,West,Shopping,Warehouse,No,No,7.608811,1.964032,197,3.87,0.0001
REGION*activity*RENELC,bleu,Northeast,Northeast,Warehouse,Warehouse,Yes,No,0.861922,2.061854,197,0.42,0.6764
REGION*activity*RENELC,bleu,Northeast,Midwest,Warehouse,Education,Yes,Yes,-5.948979,3.690653,197,-1.61,0.1086
REGION*activity*RENELC,bleu,Northeast,Midwest,Warehouse,Education,Yes,No,-4.578799,2.168052,197,-2.11,0.0360
REGION*activity*RENELC,bleu,Northeast,Midwest,Warehouse,Office,Yes,Yes,-5.363268,2.551091,197,-2.10,0.0368
REGION*activity*RENELC,bleu,Northeast,Midwest,Warehouse,Office,Yes,No,-7.077233,2.228050,197,-3.18,0.0017
REGION*activity*RENELC,bleu,Northeast,Midwest,Warehouse,Service,Yes,Yes,-3.769342,3.119721,197,-1.21,0.2284
REGION*activity*RENELC,bleu,Northeast,Midwest,Warehouse,Service,Yes,No,-3.130201,2.188250,197,-1.43,0.1542
REGION*activity*RENELC,bleu,Northeast,Midwest,Warehouse,Shopping,Yes,Yes,-10.529237,5.631079,197,-1.87,0.0630
REGION*activity*RENELC,bleu,Northeast,Midwest,Warehouse,Shopping,Yes,No,-9.900534,2.300130,197,-4.30,<.0001
REGION*activity*RENELC,bleu,Northeast,Midwest,Warehouse,Warehouse,Yes,Yes,-3.347465,3.607118,197,-0.93,0.3545
REGION*activity*RENELC,bleu,Northeast,Midwest,Warehouse,Warehouse,Yes,No,1.180989,1.986618,197,0.59,0.5529
REGION*activity*RENELC,bleu,Northeast,South,Warehouse,Education,Yes,Yes,-10.159674,5.390333,197,-1.88,0.0609
REGION*activity*RENELC,bleu,Northeast,South,Warehouse,Education,Yes,No,-9.102869,2.180030,197,-4.18,<.0001
REGION*activity*RENELC,bleu,Northeast,South,Warehouse,Office,Yes,Yes,-6.831101,2.320320,197,-2.94,0.0036
REGION*activity*RENELC,bleu,Northeast,South,Warehouse,Office,Yes,No,-9.383990,2.104957,197,-4.46,<.0001
REGION*activity*RENELC,bleu,Northeast,South,Warehouse,Service,Yes,Yes,-3.696187,2.613775,197,-1.41,0.1589
REGION*activity*RENELC,bleu,Northeast,South,Warehouse,Service,Yes,No,-6.253804,2.324002,197,-2.69,0.0077
REGION*activity*RENELC,bleu,Northeast,South,Warehouse,Shopping,Yes,Yes,-16.437242,5.172232,197,-3.18,0.0017
REGION*activity*RENELC,bleu,Northeast,South,Warehouse,Shopping,Yes,No,-11.931185,2.181690,197,-5.47,<.0001
REGION*activity*RENELC,bleu,Northeast,South,Warehouse,Warehouse,Yes,Yes,-5.368627,2.713735,197,-1.98,0.0493
REGION*activity*RENELC,bleu,Northeast,South,Warehouse,Warehouse,Yes,No,-2.617690,2.496103,197,-1.05,0.2956
REGION*activity*RENELC,bleu,Northeast,West,Warehouse,Education,Yes,Yes,-7.767677,6.318669,197,-1.23,0.2204
REGION*activity*RENELC,bleu,Northeast,West,Warehouse,Education,Yes,No,-3.763880,2.094652,197,-1.80,0.0739
REGION*activity*RENELC,bleu,Northeast,West,Warehouse,Office,Yes,Yes,-4.759962,2.090984,197,-2.28,0.0239
REGION*activity*RENELC,bleu,Northeast,West,Warehouse,Office,Yes,No,-8.815489,2.329416,197,-3.78,0.0002
REGION*activity*RENELC,bleu,Northeast,West,Warehouse,Service,Yes,Yes,-1.658977,3.161007,197,-0.52,0.6003
REGION*activity*RENELC,bleu,Northeast,West,Warehouse,Service,Yes,No,-4.218780,2.427560,197,-1.74,0.0838
REGION*activity*RENELC,bleu,Northeast,West,Warehouse,Shopping,Yes,Yes,-6.042002,3.938203,197,-1.53,0.1266
REGION*activity*RENELC,bleu,Northeast,West,Warehouse,Shopping,Yes,No,-11.264586,2.663924,197,-4.23,<.0001
REGION*activity*RENELC,bleu,Northeast,West,Warehouse,Warehouse,Yes,Yes,0.752381,2.257473,197,0.33,0.7393
REGION*activity*RENELC,bleu,Northeast,West,Warehouse,Warehouse,Yes,No,0.009125,2.018516,197,0.00,0.9964
REGION*activity*RENELC,bleu,Northeast,Midwest,Warehouse,Education,No,Yes,-6.810901,3.180588,197,-2.14,0.0335
REGION*activity*RENELC,bleu,Northeast,Midwest,Warehouse,Education,No,No,-5.440722,1.112103,197,-4.89,<.0001
REGION*activity*RENELC,bleu,Northeast,Midwest,Warehouse,Office,No,Yes,-6.225191,1.749168,197,-3.56,0.0005
REGION*activity*RENELC,bleu,Northeast,Midwest,Warehouse,Office,No,No,-7.939155,1.244431,197,-6.38,<.0001
REGION*activity*RENELC,bleu,Northeast,Midwest,Warehouse,Service,No,Yes,-4.631264,2.509313,197,-1.85,0.0664
REGION*activity*RENELC,bleu,Northeast,Midwest,Warehouse,Service,No,No,-3.992124,1.178344,197,-3.39,0.0009
REGION*activity*RENELC,bleu,Northeast,Midwest,Warehouse,Shopping,No,Yes,-11.391159,5.312494,197,-2.14,0.0332
REGION*activity*RENELC,bleu,Northeast,Midwest,Warehouse,Shopping,No,No,-10.762456,1.363714,197,-7.89,<.0001
REGION*activity*RENELC,bleu,Northeast,Midwest,Warehouse,Warehouse,No,Yes,-4.209388,3.113593,197,-1.35,0.1779
REGION*activity*RENELC,bleu,Northeast,Midwest,Warehouse,Warehouse,No,No,0.319066,0.722013,197,0.44,0.6590
REGION*activity*RENELC,bleu,Northeast,South,Warehouse,Education,No,Yes,-11.021597,5.070092,197,-2.17,0.0309
REGION*activity*RENELC,bleu,Northeast,South,Warehouse,Education,No,No,-9.964792,1.150128,197,-8.66,<.0001
REGION*activity*RENELC,bleu,Northeast,South,Warehouse,Office,No,Yes,-7.693024,1.401496,197,-5.49,<.0001
REGION*activity*RENELC,bleu,Northeast,South,Warehouse,Office,No,No,-10.245913,1.004015,197,-10.20,<.0001
REGION*activity*RENELC,bleu,Northeast,South,Warehouse,Service,No,Yes,-4.558109,1.849432,197,-2.46,0.0146
REGION*activity*RENELC,bleu,Northeast,South,Warehouse,Service,No,No,-7.115726,1.410359,197,-5.05,<.0001
REGION*activity*RENELC,bleu,Northeast,South,Warehouse,Shopping,No,Yes,-17.299164,4.813453,197,-3.59,0.0004
REGION*activity*RENELC,bleu,Northeast,South,Warehouse,Shopping,No,No,-12.793108,1.154175,197,-11.08,<.0001
REGION*activity*RENELC,bleu,Northeast,South,Warehouse,Warehouse,No,Yes,-6.230549,1.988936,197,-3.13,0.0020
REGION*activity*RENELC,bleu,Northeast,South,Warehouse,Warehouse,No,No,-3.479612,1.683439,197,-2.07,0.0400
REGION*activity*RENELC,bleu,Northeast,West,Warehouse,Education,No,Yes,-8.629599,6.042179,197,-1.43,0.1548
REGION*activity*RENELC,bleu,Northeast,West,Warehouse,Education,No,No,-4.625802,0.987647,197,-4.68,<.0001
REGION*activity*RENELC,bleu,Northeast,West,Warehouse,Office,No,Yes,-5.621884,0.975395,197,-5.76,<.0001
REGION*activity*RENELC,bleu,Northeast,West,Warehouse,Office,No,No,-9.677411,1.416862,197,-6.83,<.0001
REGION*activity*RENELC,bleu,Northeast,West,Warehouse,Service,No,Yes,-2.520899,2.566437,197,-0.98,0.3272
REGION*activity*RENELC,bleu,Northeast,West,Warehouse,Service,No,No,-5.080702,1.571246,197,-3.23,0.0014
REGION*activity*RENELC,bleu,Northeast,West,Warehouse,Shopping,No,Yes,-6.903924,3.476088,197,-1.99,0.0484
REGION*activity*RENELC,bleu,Northeast,West,Warehouse,Shopping,No,No,-12.126508,1.917385,197,-6.32,<.0001
REGION*activity*RENELC,bleu,Northeast,West,Warehouse,Warehouse,No,Yes,-0.109542,1.290983,197,-0.08,0.9325
REGION*activity*RENELC,bleu,Northeast,West,Warehouse,Warehouse,No,No,-0.852797,0.809404,197,-1.05,0.2934
REGION*activity*RENELC,bleu,Midwest,Midwest,Education,Education,Yes,No,1.370179,3.026773,197,0.45,0.6513
REGION*activity*RENELC,bleu,Midwest,Midwest,Education,Office,Yes,Yes,0.585710,3.558213,197,0.16,0.8694
REGION*activity*RENELC,bleu,Midwest,Midwest,Education,Office,Yes,No,-1.128254,3.237695,197,-0.35,0.7279
REGION*activity*RENELC,bleu,Midwest,Midwest,Education,Service,Yes,Yes,2.179637,4.102844,197,0.53,0.5958
REGION*activity*RENELC,bleu,Midwest,Midwest,Education,Service,Yes,No,2.818778,3.579488,197,0.79,0.4319
REGION*activity*RENELC,bleu,Midwest,Midwest,Education,Shopping,Yes,Yes,-4.580258,5.887681,197,-0.78,0.4375
REGION*activity*RENELC,bleu,Midwest,Midwest,Education,Shopping,Yes,No,-3.951555,3.216807,197,-1.23,0.2208
REGION*activity*RENELC,bleu,Midwest,Midwest,Education,Warehouse,Yes,Yes,2.601513,4.437773,197,0.59,0.5584
REGION*activity*RENELC,bleu,Midwest,Midwest,Education,Warehouse,Yes,No,7.129967,2.945844,197,2.42,0.0164
REGION*activity*RENELC,bleu,Midwest,South,Education,Education,Yes,Yes,-4.210696,5.917346,197,-0.71,0.4776
REGION*activity*RENELC,bleu,Midwest,South,Education,Education,Yes,No,-3.153890,3.280273,197,-0.96,0.3375
REGION*activity*RENELC,bleu,Midwest,South,Education,Office,Yes,Yes,-0.882123,3.376578,197,-0.26,0.7942
REGION*activity*RENELC,bleu,Midwest,South,Education,Office,Yes,No,-3.435012,3.219642,197,-1.07,0.2873
REGION*activity*RENELC,bleu,Midwest,South,Education,Service,Yes,Yes,2.252792,3.581118,197,0.63,0.5300
REGION*activity*RENELC,bleu,Midwest,South,Education,Service,Yes,No,-0.304825,3.371705,197,-0.09,0.9281
REGION*activity*RENELC,bleu,Midwest,South,Education,Shopping,Yes,Yes,-10.488263,5.701538,197,-1.84,0.0673
REGION*activity*RENELC,bleu,Midwest,South,Education,Shopping,Yes,No,-5.982207,3.271021,197,-1.83,0.0689
REGION*activity*RENELC,bleu,Midwest,South,Education,Warehouse,Yes,Yes,0.580352,3.659390,197,0.16,0.8742
REGION*activity*RENELC,bleu,Midwest,South,Education,Warehouse,Yes,No,3.331289,3.491835,197,0.95,0.3412
REGION*activity*RENELC,bleu,Midwest,West,Education,Education,Yes,Yes,-1.818698,6.771592,197,-0.27,0.7885
REGION*activity*RENELC,bleu,Midwest,West,Education,Education,Yes,No,2.185099,3.215623,197,0.68,0.4976
REGION*activity*RENELC,bleu,Midwest,West,Education,Office,Yes,Yes,1.189017,3.230834,197,0.37,0.7133
REGION*activity*RENELC,bleu,Midwest,West,Education,Office,Yes,No,-2.866510,3.383888,197,-0.85,0.3980
REGION*activity*RENELC,bleu,Midwest,West,Education,Service,Yes,Yes,4.290002,3.992206,197,1.07,0.2839
REGION*activity*RENELC,bleu,Midwest,West,Education,Service,Yes,No,1.730199,3.444822,197,0.50,0.6160
REGION*activity*RENELC,bleu,Midwest,West,Education,Shopping,Yes,Yes,-0.093023,4.637163,197,-0.02,0.9840
REGION*activity*RENELC,bleu,Midwest,West,Education,Shopping,Yes,No,-5.315607,3.636400,197,-1.46,0.1454
REGION*activity*RENELC,bleu,Midwest,West,Education,Warehouse,Yes,Yes,6.701359,3.325576,197,2.02,0.0453
REGION*activity*RENELC,bleu,Midwest,West,Education,Warehouse,Yes,No,5.958104,3.169954,197,1.88,0.0616
REGION*activity*RENELC,bleu,Midwest,Midwest,Education,Office,No,Yes,-0.784469,1.749256,197,-0.45,0.6543
REGION*activity*RENELC,bleu,Midwest,Midwest,Education,Office,No,No,-2.498434,1.364828,197,-1.83,0.0687
REGION*activity*RENELC,bleu,Midwest,Midwest,Education,Service,No,Yes,0.809458,2.409764,197,0.34,0.7373
REGION*activity*RENELC,bleu,Midwest,Midwest,Education,Service,No,No,1.448598,1.254689,197,1.15,0.2497
REGION*activity*RENELC,bleu,Midwest,Midwest,Education,Shopping,No,Yes,-5.950437,5.158989,197,-1.15,0.2501
REGION*activity*RENELC,bleu,Midwest,Midwest,Education,Shopping,No,No,-5.321734,1.180910,197,-4.51,<.0001
REGION*activity*RENELC,bleu,Midwest,Midwest,Education,Warehouse,No,Yes,1.231334,3.379843,197,0.36,0.7160
REGION*activity*RENELC,bleu,Midwest,Midwest,Education,Warehouse,No,No,5.759788,0.874486,197,6.59,<.0001
REGION*activity*RENELC,bleu,Midwest,South,Education,Education,No,Yes,-5.580875,5.112195,197,-1.09,0.2763
REGION*activity*RENELC,bleu,Midwest,South,Education,Education,No,No,-4.524070,1.349054,197,-3.35,0.0010
REGION*activity*RENELC,bleu,Midwest,South,Education,Office,No,Yes,-2.252302,1.560135,197,-1.44,0.1504
REGION*activity*RENELC,bleu,Midwest,South,Education,Office,No,No,-4.805191,1.216620,197,-3.95,0.0001
REGION*activity*RENELC,bleu,Midwest,South,Education,Service,No,Yes,0.882612,1.977013,197,0.45,0.6558
REGION*activity*RENELC,bleu,Midwest,South,Education,Service,No,No,-1.675005,1.562849,197,-1.07,0.2851
REGION*activity*RENELC,bleu,Midwest,South,Education,Shopping,No,Yes,-11.858442,4.879359,197,-2.43,0.0160
REGION*activity*RENELC,bleu,Midwest,South,Education,Shopping,No,No,-7.352386,1.345706,197,-5.46,<.0001
REGION*activity*RENELC,bleu,Midwest,South,Education,Warehouse,No,Yes,-0.789827,2.100801,197,-0.38,0.7073
REGION*activity*RENELC,bleu,Midwest,South,Education,Warehouse,No,No,1.961109,1.808779,197,1.08,0.2796
REGION*activity*RENELC,bleu,Midwest,West,Education,Education,No,Yes,-3.188877,6.088769,197,-0.52,0.6011
REGION*activity*RENELC,bleu,Midwest,West,Education,Education,No,No,0.814920,1.190352,197,0.68,0.4944
REGION*activity*RENELC,bleu,Midwest,West,Education,Office,No,Yes,-0.181163,1.188059,197,-0.15,0.8790
REGION*activity*RENELC,bleu,Midwest,West,Education,Office,No,No,-4.236690,1.573758,197,-2.69,0.0077
REGION*activity*RENELC,bleu,Midwest,West,Education,Service,No,Yes,2.919823,2.640237,197,1.11,0.2701
REGION*activity*RENELC,bleu,Midwest,West,Education,Service,No,No,0.360020,1.720440,197,0.21,0.8345
REGION*activity*RENELC,bleu,Midwest,West,Education,Shopping,No,Yes,-1.463203,3.537250,197,-0.41,0.6796
REGION*activity*RENELC,bleu,Midwest,West,Education,Shopping,No,No,-6.685787,2.031843,197,-3.29,0.0012
REGION*activity*RENELC,bleu,Midwest,West,Education,Warehouse,No,Yes,5.331180,1.467018,197,3.63,0.0004
REGION*activity*RENELC,bleu,Midwest,West,Education,Warehouse,No,No,4.587924,1.058765,197,4.33,<.0001
REGION*activity*RENELC,bleu,Midwest,Midwest,Office,Office,Yes,No,-1.713964,1.950022,197,-0.88,0.3805
REGION*activity*RENELC,bleu,Midwest,Midwest,Office,Service,Yes,Yes,1.593927,2.787695,197,0.57,0.5681
REGION*activity*RENELC,bleu,Midwest,Midwest,Office,Service,Yes,No,2.233067,1.954853,197,1.14,0.2547
REGION*activity*RENELC,bleu,Midwest,Midwest,Office,Shopping,Yes,Yes,-5.165968,5.099197,197,-1.01,0.3123
REGION*activity*RENELC,bleu,Midwest,Midwest,Office,Shopping,Yes,No,-4.537265,1.918547,197,-2.36,0.0190
REGION*activity*RENELC,bleu,Midwest,Midwest,Office,Warehouse,Yes,Yes,2.015803,3.978343,197,0.51,0.6129
REGION*activity*RENELC,bleu,Midwest,Midwest,Office,Warehouse,Yes,No,6.544257,1.737552,197,3.77,0.0002
REGION*activity*RENELC,bleu,Midwest,South,Office,Education,Yes,Yes,-4.796406,5.291441,197,-0.91,0.3658
REGION*activity*RENELC,bleu,Midwest,South,Office,Education,Yes,No,-3.739601,1.913158,197,-1.95,0.0520
REGION*activity*RENELC,bleu,Midwest,South,Office,Office,Yes,Yes,-1.467833,2.070245,197,-0.71,0.4792
REGION*activity*RENELC,bleu,Midwest,South,Office,Office,Yes,No,-4.020722,1.813964,197,-2.22,0.0278
REGION*activity*RENELC,bleu,Midwest,South,Office,Service,Yes,Yes,1.667082,2.391722,197,0.70,0.4866
REGION*activity*RENELC,bleu,Midwest,South,Office,Service,Yes,No,-0.890535,2.074547,197,-0.43,0.6682
REGION*activity*RENELC,bleu,Midwest,South,Office,Shopping,Yes,Yes,-11.073973,5.056834,197,-2.19,0.0297
REGION*activity*RENELC,bleu,Midwest,South,Office,Shopping,Yes,No,-6.567917,1.911747,197,-3.44,0.0007
REGION*activity*RENELC,bleu,Midwest,South,Office,Warehouse,Yes,Yes,-0.005358,2.498692,197,-0.00,0.9983
REGION*activity*RENELC,bleu,Midwest,South,Office,Warehouse,Yes,No,2.745579,2.262381,197,1.21,0.2264
REGION*activity*RENELC,bleu,Midwest,West,Office,Education,Yes,Yes,-2.404408,6.230006,197,-0.39,0.7000
REGION*activity*RENELC,bleu,Midwest,West,Office,Education,Yes,No,1.599389,1.805061,197,0.89,0.3767
REGION*activity*RENELC,bleu,Midwest,West,Office,Office,Yes,Yes,0.603306,1.799975,197,0.34,0.7378
REGION*activity*RENELC,bleu,Midwest,West,Office,Office,Yes,No,-3.452221,2.080149,197,-1.66,0.0986
REGION*activity*RENELC,bleu,Midwest,West,Office,Service,Yes,Yes,3.704292,2.976349,197,1.24,0.2148
REGION*activity*RENELC,bleu,Midwest,West,Office,Service,Yes,No,1.144489,2.172170,197,0.53,0.5989
REGION*activity*RENELC,bleu,Midwest,West,Office,Shopping,Yes,Yes,-0.678734,3.790894,197,-0.18,0.8581
REGION*activity*RENELC,bleu,Midwest,West,Office,Shopping,Yes,No,-5.901318,2.441984,197,-2.42,0.0166
REGION*activity*RENELC,bleu,Midwest,West,Office,Warehouse,Yes,Yes,6.115649,2.008987,197,3.04,0.0027
REGION*activity*RENELC,bleu,Midwest,West,Office,Warehouse,Yes,No,5.372394,1.726712,197,3.11,0.0021
REGION*activity*RENELC,bleu,Midwest,Midwest,Office,Service,No,Yes,3.307891,2.098736,197,1.58,0.1166
REGION*activity*RENELC,bleu,Midwest,Midwest,Office,Service,No,No,3.947032,1.217396,197,3.24,0.0014
REGION*activity*RENELC,bleu,Midwest,Midwest,Office,Shopping,No,Yes,-3.452004,5.147648,197,-0.67,0.5033
REGION*activity*RENELC,bleu,Midwest,Midwest,Office,Shopping,No,No,-2.823301,1.561759,197,-1.81,0.0722
REGION*activity*RENELC,bleu,Midwest,Midwest,Office,Warehouse,No,Yes,3.729768,3.400609,197,1.10,0.2741
REGION*activity*RENELC,bleu,Midwest,Midwest,Office,Warehouse,No,No,8.258221,1.162564,197,7.10,<.0001
REGION*activity*RENELC,bleu,Midwest,South,Office,Education,No,Yes,-3.082442,5.144478,197,-0.60,0.5497
REGION*activity*RENELC,bleu,Midwest,South,Office,Education,No,No,-2.025636,1.455970,197,-1.39,0.1657
REGION*activity*RENELC,bleu,Midwest,South,Office,Office,No,Yes,0.246131,1.654180,197,0.15,0.8819
REGION*activity*RENELC,bleu,Midwest,South,Office,Office,No,No,-2.306758,1.333823,197,-1.73,0.0853
REGION*activity*RENELC,bleu,Midwest,South,Office,Service,No,Yes,3.381046,2.056480,197,1.64,0.1018
REGION*activity*RENELC,bleu,Midwest,South,Office,Service,No,No,0.823429,1.667490,197,0.49,0.6220
REGION*activity*RENELC,bleu,Midwest,South,Office,Shopping,No,Yes,-9.360009,4.907172,197,-1.91,0.0579
REGION*activity*RENELC,bleu,Midwest,South,Office,Shopping,No,No,-4.853953,1.450352,197,-3.35,0.0010
REGION*activity*RENELC,bleu,Midwest,South,Office,Warehouse,No,Yes,1.708606,2.174929,197,0.79,0.4331
REGION*activity*RENELC,bleu,Midwest,South,Office,Warehouse,No,No,4.459543,1.890780,197,2.36,0.0193
REGION*activity*RENELC,bleu,Midwest,West,Office,Education,No,Yes,-0.690444,6.100802,197,-0.11,0.9100
REGION*activity*RENELC,bleu,Midwest,West,Office,Education,No,No,3.313353,1.324546,197,2.50,0.0132
REGION*activity*RENELC,bleu,Midwest,West,Office,Office,No,Yes,2.317271,1.321774,197,1.75,0.0811
REGION*activity*RENELC,bleu,Midwest,West,Office,Office,No,No,-1.738256,1.664508,197,-1.04,0.2976
REGION*activity*RENELC,bleu,Midwest,West,Office,Service,No,Yes,5.418256,2.718691,197,1.99,0.0476
REGION*activity*RENELC,bleu,Midwest,West,Office,Service,No,No,2.858453,1.809662,197,1.58,0.1158
REGION*activity*RENELC,bleu,Midwest,West,Office,Shopping,No,Yes,1.035231,3.590339,197,0.29,0.7734
REGION*activity*RENELC,bleu,Midwest,West,Office,Shopping,No,No,-4.187353,2.114810,197,-1.98,0.0491
REGION*activity*RENELC,bleu,Midwest,West,Office,Warehouse,No,Yes,7.829613,1.556674,197,5.03,<.0001
REGION*activity*RENELC,bleu,Midwest,West,Office,Warehouse,No,No,7.086358,1.199460,197,5.91,<.0001
REGION*activity*RENELC,bleu,Midwest,Midwest,Service,Service,Yes,No,0.639141,2.128657,197,0.30,0.7643
REGION*activity*RENELC,bleu,Midwest,Midwest,Service,Shopping,Yes,Yes,-6.759895,5.745138,197,-1.18,0.2408
REGION*activity*RENELC,bleu,Midwest,Midwest,Service,Shopping,Yes,No,-6.131192,2.797234,197,-2.19,0.0296
REGION*activity*RENELC,bleu,Midwest,Midwest,Service,Warehouse,Yes,Yes,0.421876,4.249654,197,0.10,0.9210
REGION*activity*RENELC,bleu,Midwest,Midwest,Service,Warehouse,Yes,No,4.950330,2.445135,197,2.02,0.0443
REGION*activity*RENELC,bleu,Midwest,South,Service,Education,Yes,Yes,-6.390333,5.587945,197,-1.14,0.2542
REGION*activity*RENELC,bleu,Midwest,South,Service,Education,Yes,No,-5.333527,2.617055,197,-2.04,0.0429
REGION*activity*RENELC,bleu,Midwest,South,Service,Office,Yes,Yes,-3.061760,2.741294,197,-1.12,0.2654
REGION*activity*RENELC,bleu,Midwest,South,Service,Office,Yes,No,-5.614649,2.559064,197,-2.19,0.0294
REGION*activity*RENELC,bleu,Midwest,South,Service,Service,Yes,Yes,0.073155,2.993907,197,0.02,0.9805
REGION*activity*RENELC,bleu,Midwest,South,Service,Service,Yes,No,-2.484462,2.745456,197,-0.90,0.3666
REGION*activity*RENELC,bleu,Midwest,South,Service,Shopping,Yes,Yes,-12.667900,5.368636,197,-2.36,0.0193
REGION*activity*RENELC,bleu,Midwest,South,Service,Shopping,Yes,No,-8.161844,2.618301,197,-3.12,0.0021
REGION*activity*RENELC,bleu,Midwest,South,Service,Warehouse,Yes,Yes,-1.599285,3.089023,197,-0.52,0.6052
REGION*activity*RENELC,bleu,Midwest,South,Service,Warehouse,Yes,No,1.151652,2.890653,197,0.40,0.6908
REGION*activity*RENELC,bleu,Midwest,West,Service,Education,Yes,Yes,-3.998335,6.483375,197,-0.62,0.5381
REGION*activity*RENELC,bleu,Midwest,West,Service,Education,Yes,No,0.005462,2.551088,197,0.00,0.9983
REGION*activity*RENELC,bleu,Midwest,West,Service,Office,Yes,Yes,-0.990620,2.546977,197,-0.39,0.6977
REGION*activity*RENELC,bleu,Midwest,West,Service,Office,Yes,No,-5.046147,2.744599,197,-1.84,0.0675
REGION*activity*RENELC,bleu,Midwest,West,Service,Service,Yes,Yes,2.110365,3.493379,197,0.60,0.5465
REGION*activity*RENELC,bleu,Midwest,West,Service,Service,Yes,No,-0.449438,2.835200,197,-0.16,0.8742
REGION*activity*RENELC,bleu,Midwest,West,Service,Shopping,Yes,Yes,-2.272660,4.200969,197,-0.54,0.5891
REGION*activity*RENELC,bleu,Midwest,West,Service,Shopping,Yes,No,-7.495244,3.042476,197,-2.46,0.0146
REGION*activity*RENELC,bleu,Midwest,West,Service,Warehouse,Yes,Yes,4.521722,2.685992,197,1.68,0.0939
REGION*activity*RENELC,bleu,Midwest,West,Service,Warehouse,Yes,No,3.778467,2.492221,197,1.52,0.1311
REGION*activity*RENELC,bleu,Midwest,Midwest,Service,Shopping,No,Yes,-7.399035,5.296481,197,-1.40,0.1640
REGION*activity*RENELC,bleu,Midwest,Midwest,Service,Shopping,No,No,-6.770333,1.491715,197,-4.54,<.0001
REGION*activity*RENELC,bleu,Midwest,Midwest,Service,Warehouse,No,Yes,-0.217264,3.129028,197,-0.07,0.9447
REGION*activity*RENELC,bleu,Midwest,Midwest,Service,Warehouse,No,No,4.311190,1.044638,197,4.13,<.0001
REGION*activity*RENELC,bleu,Midwest,South,Service,Education,No,Yes,-7.029473,5.123580,197,-1.37,0.1716
REGION*activity*RENELC,bleu,Midwest,South,Service,Education,No,No,-5.972668,1.385454,197,-4.31,<.0001
REGION*activity*RENELC,bleu,Midwest,South,Service,Office,No,Yes,-3.700900,1.603912,197,-2.31,0.0221
REGION*activity*RENELC,bleu,Midwest,South,Service,Office,No,No,-6.253789,1.263111,197,-4.95,<.0001
REGION*activity*RENELC,bleu,Midwest,South,Service,Service,No,Yes,-0.565986,2.007983,197,-0.28,0.7783
REGION*activity*RENELC,bleu,Midwest,South,Service,Service,No,No,-3.123603,1.613494,197,-1.94,0.0543
REGION*activity*RENELC,bleu,Midwest,South,Service,Shopping,No,Yes,-13.307040,4.888298,197,-2.72,0.0071
REGION*activity*RENELC,bleu,Midwest,South,Service,Shopping,No,No,-8.800984,1.386981,197,-6.35,<.0001
REGION*activity*RENELC,bleu,Midwest,South,Service,Warehouse,No,Yes,-2.238425,2.125393,197,-1.05,0.2935
REGION*activity*RENELC,bleu,Midwest,South,Service,Warehouse,No,No,0.512511,1.852683,197,0.28,0.7824
REGION*activity*RENELC,bleu,Midwest,West,Service,Education,No,Yes,-4.637476,6.086481,197,-0.76,0.4470
REGION*activity*RENELC,bleu,Midwest,West,Service,Education,No,No,-0.633678,1.261739,197,-0.50,0.6161
REGION*activity*RENELC,bleu,Midwest,West,Service,Office,No,Yes,-1.629761,1.241215,197,-1.31,0.1907
REGION*activity*RENELC,bleu,Midwest,West,Service,Office,No,No,-5.685288,1.609543,197,-3.53,0.0005
REGION*activity*RENELC,bleu,Midwest,West,Service,Service,No,Yes,1.471225,2.691314,197,0.55,0.5852
REGION*activity*RENELC,bleu,Midwest,West,Service,Service,No,No,-1.088579,1.758207,197,-0.62,0.5365
REGION*activity*RENELC,bleu,Midwest,West,Service,Shopping,No,Yes,-2.911801,3.567753,197,-0.82,0.4154
REGION*activity*RENELC,bleu,Midwest,West,Service,Shopping,No,No,-8.134385,2.070602,197,-3.93,0.0001
REGION*activity*RENELC,bleu,Midwest,West,Service,Warehouse,No,Yes,3.882582,1.498645,197,2.59,0.0103
REGION*activity*RENELC,bleu,Midwest,West,Service,Warehouse,No,No,3.139326,1.124795,197,2.79,0.0058
REGION*activity*RENELC,bleu,Midwest,Midwest,Shopping,Shopping,Yes,No,0.628703,4.598434,197,0.14,0.8914
REGION*activity*RENELC,bleu,Midwest,Midwest,Shopping,Warehouse,Yes,Yes,7.181771,6.781103,197,1.06,0.2909
REGION*activity*RENELC,bleu,Midwest,Midwest,Shopping,Warehouse,Yes,No,11.710225,5.332009,197,2.20,0.0292
REGION*activity*RENELC,bleu,Midwest,South,Shopping,Education,Yes,Yes,0.369562,7.287894,197,0.05,0.9596
REGION*activity*RENELC,bleu,Midwest,South,Shopping,Education,Yes,No,1.426367,5.384033,197,0.26,0.7913
REGION*activity*RENELC,bleu,Midwest,South,Shopping,Office,Yes,Yes,3.698135,5.435050,197,0.68,0.4970
REGION*activity*RENELC,bleu,Midwest,South,Shopping,Office,Yes,No,1.145246,5.344397,197,0.21,0.8305
REGION*activity*RENELC,bleu,Midwest,South,Shopping,Service,Yes,Yes,6.833050,5.571928,197,1.23,0.2215
REGION*activity*RENELC,bleu,Midwest,South,Shopping,Service,Yes,No,4.275433,5.433161,197,0.79,0.4323
REGION*activity*RENELC,bleu,Midwest,South,Shopping,Shopping,Yes,Yes,-5.908005,7.127233,197,-0.83,0.4081
REGION*activity*RENELC,bleu,Midwest,South,Shopping,Shopping,Yes,No,-1.401949,5.373445,197,-0.26,0.7944
REGION*activity*RENELC,bleu,Midwest,South,Shopping,Warehouse,Yes,Yes,5.160610,5.617363,197,0.92,0.3594
REGION*activity*RENELC,bleu,Midwest,South,Shopping,Warehouse,Yes,No,7.911547,5.508994,197,1.44,0.1526
REGION*activity*RENELC,bleu,Midwest,West,Shopping,Education,Yes,Yes,2.761560,8.001111,197,0.35,0.7304
REGION*activity*RENELC,bleu,Midwest,West,Shopping,Education,Yes,No,6.765357,5.339428,197,1.27,0.2066
REGION*activity*RENELC,bleu,Midwest,West,Shopping,Office,Yes,Yes,5.769275,5.341376,197,1.08,0.2814
REGION*activity*RENELC,bleu,Midwest,West,Shopping,Office,Yes,No,1.713748,5.436789,197,0.32,0.7529
REGION*activity*RENELC,bleu,Midwest,West,Shopping,Service,Yes,Yes,8.870260,5.840131,197,1.52,0.1304
REGION*activity*RENELC,bleu,Midwest,West,Shopping,Service,Yes,No,6.310457,5.481112,197,1.15,0.2510
REGION*activity*RENELC,bleu,Midwest,West,Shopping,Shopping,Yes,Yes,4.487235,6.291752,197,0.71,0.4766
REGION*activity*RENELC,bleu,Midwest,West,Shopping,Shopping,Yes,No,-0.735349,5.597440,197,-0.13,0.8956
REGION*activity*RENELC,bleu,Midwest,West,Shopping,Warehouse,Yes,Yes,11.281617,5.383977,197,2.10,0.0374
REGION*activity*RENELC,bleu,Midwest,West,Shopping,Warehouse,Yes,No,10.538362,5.311851,197,1.98,0.0487
REGION*activity*RENELC,bleu,Midwest,Midwest,Shopping,Warehouse,No,Yes,6.553068,3.570038,197,1.84,0.0679
REGION*activity*RENELC,bleu,Midwest,Midwest,Shopping,Warehouse,No,No,11.081522,1.216970,197,9.11,<.0001
REGION*activity*RENELC,bleu,Midwest,South,Shopping,Education,No,Yes,-0.259141,5.178064,197,-0.05,0.9601
REGION*activity*RENELC,bleu,Midwest,South,Shopping,Education,No,No,0.797665,1.569472,197,0.51,0.6119
REGION*activity*RENELC,bleu,Midwest,South,Shopping,Office,No,Yes,3.069432,1.746927,197,1.76,0.0805
REGION*activity*RENELC,bleu,Midwest,South,Shopping,Office,No,No,0.516543,1.461532,197,0.35,0.7241
REGION*activity*RENELC,bleu,Midwest,South,Shopping,Service,No,Yes,6.204347,2.137229,197,2.90,0.0041
REGION*activity*RENELC,bleu,Midwest,South,Shopping,Service,No,No,3.646730,1.757309,197,2.08,0.0393
REGION*activity*RENELC,bleu,Midwest,South,Shopping,Shopping,No,Yes,-6.536708,4.931890,197,-1.33,0.1866
REGION*activity*RENELC,bleu,Midwest,South,Shopping,Shopping,No,No,-2.030652,1.560174,197,-1.30,0.1946
REGION*activity*RENELC,bleu,Midwest,South,Shopping,Warehouse,No,Yes,4.531907,2.254620,197,2.01,0.0458
REGION*activity*RENELC,bleu,Midwest,South,Shopping,Warehouse,No,No,7.282844,1.986472,197,3.67,0.0003
REGION*activity*RENELC,bleu,Midwest,West,Shopping,Education,No,Yes,2.132857,6.137075,197,0.35,0.7286
REGION*activity*RENELC,bleu,Midwest,West,Shopping,Education,No,No,6.136654,1.437630,197,4.27,<.0001
REGION*activity*RENELC,bleu,Midwest,West,Shopping,Office,No,Yes,5.140572,1.434353,197,3.58,0.0004
REGION*activity*RENELC,bleu,Midwest,West,Shopping,Office,No,No,1.085045,1.765902,197,0.61,0.5396
REGION*activity*RENELC,bleu,Midwest,West,Shopping,Service,No,Yes,8.241557,2.766194,197,2.98,0.0033
REGION*activity*RENELC,bleu,Midwest,West,Shopping,Service,No,No,5.681754,1.892505,197,3.00,0.0030
REGION*activity*RENELC,bleu,Midwest,West,Shopping,Shopping,No,Yes,3.858532,3.628253,197,1.06,0.2889
REGION*activity*RENELC,bleu,Midwest,West,Shopping,Shopping,No,No,-1.364052,2.191422,197,-0.62,0.5344
REGION*activity*RENELC,bleu,Midwest,West,Shopping,Warehouse,No,Yes,10.652914,1.651422,197,6.45,<.0001
REGION*activity*RENELC,bleu,Midwest,West,Shopping,Warehouse,No,No,9.909659,1.324486,197,7.48,<.0001
REGION*activity*RENELC,bleu,Midwest,Midwest,Warehouse,Warehouse,Yes,No,4.528454,3.133356,197,1.45,0.1500
REGION*activity*RENELC,bleu,Midwest,South,Warehouse,Education,Yes,Yes,-6.812209,5.882681,197,-1.16,0.2483
REGION*activity*RENELC,bleu,Midwest,South,Warehouse,Education,Yes,No,-5.755404,3.182003,197,-1.81,0.0720
REGION*activity*RENELC,bleu,Midwest,South,Warehouse,Office,Yes,Yes,-3.483636,3.286004,197,-1.06,0.2904
REGION*activity*RENELC,bleu,Midwest,South,Warehouse,Office,Yes,No,-6.036525,3.141873,197,-1.92,0.0561
REGION*activity*RENELC,bleu,Midwest,South,Warehouse,Service,Yes,Yes,-0.348722,3.508617,197,-0.10,0.9209
REGION*activity*RENELC,bleu,Midwest,South,Warehouse,Service,Yes,No,-2.906339,3.291551,197,-0.88,0.3783
REGION*activity*RENELC,bleu,Midwest,South,Warehouse,Shopping,Yes,Yes,-13.089776,5.648036,197,-2.32,0.0215
REGION*activity*RENELC,bleu,Midwest,South,Warehouse,Shopping,Yes,No,-8.583720,3.187349,197,-2.69,0.0077
REGION*activity*RENELC,bleu,Midwest,South,Warehouse,Warehouse,Yes,Yes,-2.021161,3.586285,197,-0.56,0.5737
REGION*activity*RENELC,bleu,Midwest,South,Warehouse,Warehouse,Yes,No,0.729775,3.415184,197,0.21,0.8310
REGION*activity*RENELC,bleu,Midwest,West,Warehouse,Education,Yes,Yes,-4.420211,6.736673,197,-0.66,0.5125
REGION*activity*RENELC,bleu,Midwest,West,Warehouse,Education,Yes,No,-0.416414,3.131492,197,-0.13,0.8943
REGION*activity*RENELC,bleu,Midwest,West,Warehouse,Office,Yes,Yes,-1.412497,3.124003,197,-0.45,0.6517
REGION*activity*RENELC,bleu,Midwest,West,Warehouse,Office,Yes,No,-5.468024,3.294362,197,-1.66,0.0985
REGION*activity*RENELC,bleu,Midwest,West,Warehouse,Service,Yes,Yes,1.688489,3.924720,197,0.43,0.6675
REGION*activity*RENELC,bleu,Midwest,West,Warehouse,Service,Yes,No,-0.871314,3.361210,197,-0.26,0.7957
REGION*activity*RENELC,bleu,Midwest,West,Warehouse,Shopping,Yes,Yes,-2.694537,4.573883,197,-0.59,0.5565
REGION*activity*RENELC,bleu,Midwest,West,Warehouse,Shopping,Yes,No,-7.917121,3.535826,197,-2.24,0.0263
REGION*activity*RENELC,bleu,Midwest,West,Warehouse,Warehouse,Yes,Yes,4.099846,3.247508,197,1.26,0.2083
REGION*activity*RENELC,bleu,Midwest,West,Warehouse,Warehouse,Yes,No,3.356590,3.080312,197,1.09,0.2772
REGION*activity*RENELC,bleu,Midwest,South,Warehouse,Education,No,Yes,-11.340663,5.047829,197,-2.25,0.0258
REGION*activity*RENELC,bleu,Midwest,South,Warehouse,Education,No,No,-10.283858,1.048344,197,-9.81,<.0001
REGION*activity*RENELC,bleu,Midwest,South,Warehouse,Office,No,Yes,-8.012090,1.309628,197,-6.12,<.0001
REGION*activity*RENELC,bleu,Midwest,South,Warehouse,Office,No,No,-10.564979,0.877444,197,-12.04,<.0001
REGION*activity*RENELC,bleu,Midwest,South,Warehouse,Service,No,Yes,-4.877176,1.785062,197,-2.73,0.0069
REGION*activity*RENELC,bleu,Midwest,South,Warehouse,Service,No,No,-7.434793,1.318991,197,-5.64,<.0001
REGION*activity*RENELC,bleu,Midwest,South,Warehouse,Shopping,No,Yes,-17.618230,4.791743,197,-3.68,0.0003
REGION*activity*RENELC,bleu,Midwest,South,Warehouse,Shopping,No,No,-13.112174,1.045595,197,-12.54,<.0001
REGION*activity*RENELC,bleu,Midwest,South,Warehouse,Warehouse,No,Yes,-6.549615,1.928126,197,-3.40,0.0008
REGION*activity*RENELC,bleu,Midwest,South,Warehouse,Warehouse,No,No,-3.798679,1.605802,197,-2.37,0.0190
REGION*activity*RENELC,bleu,Midwest,West,Warehouse,Education,No,Yes,-8.948665,6.022588,197,-1.49,0.1389
REGION*activity*RENELC,bleu,Midwest,West,Warehouse,Education,No,No,-4.944868,0.860724,197,-5.75,<.0001
REGION*activity*RENELC,bleu,Midwest,West,Warehouse,Office,No,Yes,-5.940951,0.854158,197,-6.96,<.0001
REGION*activity*RENELC,bleu,Midwest,West,Warehouse,Office,No,No,-9.996478,1.327902,197,-7.53,<.0001
REGION*activity*RENELC,bleu,Midwest,West,Warehouse,Service,No,Yes,-2.839965,2.534105,197,-1.12,0.2638
REGION*activity*RENELC,bleu,Midwest,West,Warehouse,Service,No,No,-5.399768,1.480280,197,-3.65,0.0003
REGION*activity*RENELC,bleu,Midwest,West,Warehouse,Shopping,No,Yes,-7.222991,3.434219,197,-2.10,0.0367
REGION*activity*RENELC,bleu,Midwest,West,Warehouse,Shopping,No,No,-12.445575,1.866939,197,-6.67,<.0001
REGION*activity*RENELC,bleu,Midwest,West,Warehouse,Warehouse,No,Yes,-0.428608,1.209808,197,-0.35,0.7235
REGION*activity*RENELC,bleu,Midwest,West,Warehouse,Warehouse,No,No,-1.171864,0.658029,197,-1.78,0.0765
REGION*activity*RENELC,bleu,South,South,Education,Education,Yes,No,1.056805,5.246655,197,0.20,0.8406
REGION*activity*RENELC,bleu,South,South,Education,Office,Yes,Yes,3.328573,5.421398,197,0.61,0.5399
REGION*activity*RENELC,bleu,South,South,Education,Office,Yes,No,0.775684,5.071972,197,0.15,0.8786
REGION*activity*RENELC,bleu,South,South,Education,Service,Yes,Yes,6.463487,4.091927,197,1.58,0.1158
REGION*activity*RENELC,bleu,South,South,Education,Service,Yes,No,3.905870,5.345219,197,0.73,0.4658
REGION*activity*RENELC,bleu,South,South,Education,Shopping,Yes,Yes,-6.277567,7.589962,197,-0.83,0.4092
REGION*activity*RENELC,bleu,South,South,Education,Shopping,Yes,No,-1.771511,5.179085,197,-0.34,0.7327
REGION*activity*RENELC,bleu,South,South,Education,Warehouse,Yes,Yes,4.791048,5.641583,197,0.85,0.3968
REGION*activity*RENELC,bleu,South,South,Education,Warehouse,Yes,No,7.541984,5.573293,197,1.35,0.1775
REGION*activity*RENELC,bleu,South,West,Education,Education,Yes,Yes,2.391998,7.854115,197,0.30,0.7610
REGION*activity*RENELC,bleu,South,West,Education,Education,Yes,No,6.395795,5.090431,197,1.26,0.2104
REGION*activity*RENELC,bleu,South,West,Education,Office,Yes,Yes,5.399712,5.085649,197,1.06,0.2896
REGION*activity*RENELC,bleu,South,West,Education,Office,Yes,No,1.344185,5.188702,197,0.26,0.7959
REGION*activity*RENELC,bleu,South,West,Education,Service,Yes,Yes,8.500698,5.613014,197,1.51,0.1315
REGION*activity*RENELC,bleu,South,West,Education,Service,Yes,No,5.940895,5.247945,197,1.13,0.2590
REGION*activity*RENELC,bleu,South,West,Education,Shopping,Yes,Yes,4.117672,6.078651,197,0.68,0.4989
REGION*activity*RENELC,bleu,South,West,Education,Shopping,Yes,No,-1.104912,5.348768,197,-0.21,0.8366
REGION*activity*RENELC,bleu,South,West,Education,Warehouse,Yes,Yes,10.912055,5.152500,197,2.12,0.0354
REGION*activity*RENELC,bleu,South,West,Education,Warehouse,Yes,No,10.168799,5.050080,197,2.01,0.0454
REGION*activity*RENELC,bleu,South,South,Education,Office,No,Yes,2.271768,1.553423,197,1.46,0.1452
REGION*activity*RENELC,bleu,South,South,Education,Office,No,No,-0.281121,1.222596,197,-0.23,0.8184
REGION*activity*RENELC,bleu,South,South,Education,Service,No,Yes,5.406682,2.139261,197,2.53,0.0123
REGION*activity*RENELC,bleu,South,South,Education,Service,No,No,2.849065,1.189536,197,2.40,0.0176
REGION*activity*RENELC,bleu,South,South,Education,Shopping,No,Yes,-7.334372,4.741542,197,-1.55,0.1235
REGION*activity*RENELC,bleu,South,South,Education,Shopping,No,No,-2.828316,1.301707,197,-2.17,0.0310
REGION*activity*RENELC,bleu,South,South,Education,Warehouse,No,Yes,3.734243,2.093265,197,1.78,0.0760
REGION*activity*RENELC,bleu,South,South,Education,Warehouse,No,No,6.485179,1.717860,197,3.78,0.0002
REGION*activity*RENELC,bleu,South,West,Education,Education,No,Yes,1.335192,6.089407,197,0.22,0.8267
REGION*activity*RENELC,bleu,South,West,Education,Education,No,No,5.338990,1.236562,197,4.32,<.0001
REGION*activity*RENELC,bleu,South,West,Education,Office,No,Yes,4.342907,1.228649,197,3.53,0.0005
REGION*activity*RENELC,bleu,South,West,Education,Office,No,No,0.287380,1.610203,197,0.18,0.8585
REGION*activity*RENELC,bleu,South,West,Education,Service,No,Yes,7.443893,2.668096,197,2.79,0.0058
REGION*activity*RENELC,bleu,South,West,Education,Service,No,No,4.884089,1.738814,197,2.81,0.0055
REGION*activity*RENELC,bleu,South,West,Education,Shopping,No,Yes,3.060867,3.561363,197,0.86,0.3911
REGION*activity*RENELC,bleu,South,West,Education,Shopping,No,No,-2.161717,2.059102,197,-1.05,0.2951
REGION*activity*RENELC,bleu,South,West,Education,Warehouse,No,Yes,9.855250,1.504996,197,6.55,<.0001
REGION*activity*RENELC,bleu,South,West,Education,Warehouse,No,No,9.111994,1.108437,197,8.22,<.0001
REGION*activity*RENELC,bleu,South,South,Office,Office,Yes,No,-2.552889,1.460634,197,-1.75,0.0821
REGION*activity*RENELC,bleu,South,South,Office,Service,Yes,Yes,3.134914,2.278023,197,1.38,0.1703
REGION*activity*RENELC,bleu,South,South,Office,Service,Yes,No,0.577297,1.730715,197,0.33,0.7391
REGION*activity*RENELC,bleu,South,South,Office,Shopping,Yes,Yes,-9.606140,5.084324,197,-1.89,0.0603
REGION*activity*RENELC,bleu,South,South,Office,Shopping,Yes,No,-5.100084,1.701660,197,-3.00,0.0031
REGION*activity*RENELC,bleu,South,South,Office,Warehouse,Yes,Yes,1.462475,1.952406,197,0.75,0.4547
REGION*activity*RENELC,bleu,South,South,Office,Warehouse,Yes,No,4.213411,1.903946,197,2.21,0.0280
REGION*activity*RENELC,bleu,South,West,Office,Education,Yes,Yes,-0.936575,6.142047,197,-0.15,0.8790
REGION*activity*RENELC,bleu,South,West,Office,Education,Yes,No,3.067222,1.480288,197,2.07,0.0396
REGION*activity*RENELC,bleu,South,West,Office,Office,Yes,Yes,2.071139,1.466889,197,1.41,0.1595
REGION*activity*RENELC,bleu,South,West,Office,Office,Yes,No,-1.984388,1.788694,197,-1.11,0.2686
REGION*activity*RENELC,bleu,South,West,Office,Service,Yes,Yes,5.172125,2.802518,197,1.85,0.0665
REGION*activity*RENELC,bleu,South,West,Office,Service,Yes,No,2.612322,1.907459,197,1.37,0.1724
REGION*activity*RENELC,bleu,South,West,Office,Shopping,Yes,Yes,0.789099,3.642598,197,0.22,0.8287
REGION*activity*RENELC,bleu,South,West,Office,Shopping,Yes,No,-4.433485,2.206209,197,-2.01,0.0458
REGION*activity*RENELC,bleu,South,West,Office,Warehouse,Yes,Yes,7.583482,1.690119,197,4.49,<.0001
REGION*activity*RENELC,bleu,South,West,Office,Warehouse,Yes,No,6.840226,1.364815,197,5.01,<.0001
REGION*activity*RENELC,bleu,South,South,Office,Service,No,Yes,5.687804,1.810005,197,3.14,0.0019
REGION*activity*RENELC,bleu,South,South,Office,Service,No,No,3.130187,1.310180,197,2.39,0.0178
REGION*activity*RENELC,bleu,South,South,Office,Shopping,No,Yes,-7.053251,5.005898,197,-1.41,0.1604
REGION*activity*RENELC,bleu,South,South,Office,Shopping,No,No,-2.547195,1.322069,197,-1.93,0.0555
REGION*activity*RENELC,bleu,South,South,Office,Warehouse,No,Yes,4.015364,2.130967,197,1.88,0.0610
REGION*activity*RENELC,bleu,South,South,Office,Warehouse,No,No,6.766301,1.470359,197,4.60,<.0001
REGION*activity*RENELC,bleu,South,West,Office,Education,No,Yes,1.616314,6.062693,197,0.27,0.7901
REGION*activity*RENELC,bleu,South,West,Office,Education,No,No,5.620111,1.105285,197,5.08,<.0001
REGION*activity*RENELC,bleu,South,West,Office,Office,No,Yes,4.624028,1.092442,197,4.23,<.0001
REGION*activity*RENELC,bleu,South,West,Office,Office,No,No,0.568501,1.502583,197,0.38,0.7056
REGION*activity*RENELC,bleu,South,West,Office,Service,No,Yes,7.725014,2.605422,197,2.96,0.0034
REGION*activity*RENELC,bleu,South,West,Office,Service,No,No,5.165211,1.642076,197,3.15,0.0019
REGION*activity*RENELC,bleu,South,West,Office,Shopping,No,Yes,3.341988,3.511355,197,0.95,0.3424
REGION*activity*RENELC,bleu,South,West,Office,Shopping,No,No,-1.880596,1.980831,197,-0.95,0.3436
REGION*activity*RENELC,bleu,South,West,Office,Warehouse,No,Yes,10.136371,1.385918,197,7.31,<.0001
REGION*activity*RENELC,bleu,South,West,Office,Warehouse,No,No,9.393116,0.951339,197,9.87,<.0001
REGION*activity*RENELC,bleu,South,South,Service,Service,Yes,No,-2.557617,2.207133,197,-1.16,0.2479
REGION*activity*RENELC,bleu,South,South,Service,Shopping,Yes,Yes,-12.741055,5.245518,197,-2.43,0.0160
REGION*activity*RENELC,bleu,South,South,Service,Shopping,Yes,No,-8.234998,2.157284,197,-3.82,0.0002
REGION*activity*RENELC,bleu,South,South,Service,Warehouse,Yes,Yes,-1.672440,2.600242,197,-0.64,0.5209
REGION*activity*RENELC,bleu,South,South,Service,Warehouse,Yes,No,1.078497,2.345168,197,0.46,0.6461
REGION*activity*RENELC,bleu,South,West,Service,Education,Yes,Yes,-4.071490,6.261065,197,-0.65,0.5163
REGION*activity*RENELC,bleu,South,West,Service,Education,Yes,No,-0.067693,1.915047,197,-0.04,0.9718
REGION*activity*RENELC,bleu,South,West,Service,Office,Yes,Yes,-1.063775,1.907529,197,-0.56,0.5777
REGION*activity*RENELC,bleu,South,West,Service,Office,Yes,No,-5.119302,2.160645,197,-2.37,0.0188
REGION*activity*RENELC,bleu,South,West,Service,Service,Yes,Yes,2.037210,3.046401,197,0.67,0.5045
REGION*activity*RENELC,bleu,South,West,Service,Service,Yes,No,-0.522593,2.266029,197,-0.23,0.8178
REGION*activity*RENELC,bleu,South,West,Service,Shopping,Yes,Yes,-2.345815,3.836579,197,-0.61,0.5416
REGION*activity*RENELC,bleu,South,West,Service,Shopping,Yes,No,-7.568399,2.520987,197,-3.00,0.0030
REGION*activity*RENELC,bleu,South,West,Service,Warehouse,Yes,Yes,4.448568,2.085542,197,2.13,0.0342
REGION*activity*RENELC,bleu,South,West,Service,Warehouse,Yes,No,3.705312,1.821596,197,2.03,0.0433
REGION*activity*RENELC,bleu,South,South,Service,Shopping,No,Yes,-10.183438,4.816550,197,-2.11,0.0358
REGION*activity*RENELC,bleu,South,South,Service,Shopping,No,No,-5.677381,1.564890,197,-3.63,0.0004
REGION*activity*RENELC,bleu,South,South,Service,Warehouse,No,Yes,0.885177,2.124830,197,0.42,0.6774
REGION*activity*RENELC,bleu,South,South,Service,Warehouse,No,No,3.636114,1.509204,197,2.41,0.0169
REGION*activity*RENELC,bleu,South,West,Service,Education,No,Yes,-1.513873,6.139408,197,-0.25,0.8055
REGION*activity*RENELC,bleu,South,West,Service,Education,No,No,2.489924,1.477655,197,1.69,0.0936
REGION*activity*RENELC,bleu,South,West,Service,Office,No,Yes,1.493842,1.469150,197,1.02,0.3105
REGION*activity*RENELC,bleu,South,West,Service,Office,No,No,-2.561685,1.795363,197,-1.43,0.1552
REGION*activity*RENELC,bleu,South,West,Service,Service,No,Yes,4.594827,2.791220,197,1.65,0.1013
REGION*activity*RENELC,bleu,South,West,Service,Service,No,No,2.035024,1.916092,197,1.06,0.2895
REGION*activity*RENELC,bleu,South,West,Service,Shopping,No,Yes,0.211802,3.648443,197,0.06,0.9538
REGION*activity*RENELC,bleu,South,West,Service,Shopping,No,No,-5.010782,2.228428,197,-2.25,0.0256
REGION*activity*RENELC,bleu,South,West,Service,Warehouse,No,Yes,7.006185,1.700237,197,4.12,<.0001
REGION*activity*RENELC,bleu,South,West,Service,Warehouse,No,No,6.262929,1.382046,197,4.53,<.0001
REGION*activity*RENELC,bleu,South,South,Shopping,Shopping,Yes,No,4.506056,4.761127,197,0.95,0.3451
REGION*activity*RENELC,bleu,South,South,Shopping,Warehouse,Yes,Yes,11.068615,5.019379,197,2.21,0.0286
REGION*activity*RENELC,bleu,South,South,Shopping,Warehouse,Yes,No,13.819552,5.143105,197,2.69,0.0078
REGION*activity*RENELC,bleu,South,West,Shopping,Education,Yes,Yes,8.669565,7.668761,197,1.13,0.2596
REGION*activity*RENELC,bleu,South,West,Shopping,Education,Yes,No,12.673362,4.834062,197,2.62,0.0094
REGION*activity*RENELC,bleu,South,West,Shopping,Office,Yes,Yes,11.677280,4.838683,197,2.41,0.0167
REGION*activity*RENELC,bleu,South,West,Shopping,Office,Yes,No,7.621753,4.946716,197,1.54,0.1250
REGION*activity*RENELC,bleu,South,West,Shopping,Service,Yes,Yes,14.778265,5.393723,197,2.74,0.0067
REGION*activity*RENELC,bleu,South,West,Shopping,Service,Yes,No,12.218462,4.989553,197,2.45,0.0152
REGION*activity*RENELC,bleu,South,West,Shopping,Shopping,Yes,Yes,10.395240,5.860318,197,1.77,0.0776
REGION*activity*RENELC,bleu,South,West,Shopping,Shopping,Yes,No,5.172656,5.104363,197,1.01,0.3121
REGION*activity*RENELC,bleu,South,West,Shopping,Warehouse,Yes,Yes,17.189622,4.912508,197,3.50,0.0006
REGION*activity*RENELC,bleu,South,West,Shopping,Warehouse,Yes,No,16.446367,4.811662,197,3.42,0.0008
REGION*activity*RENELC,bleu,South,South,Shopping,Warehouse,No,Yes,6.562559,1.920453,197,3.42,0.0008
REGION*activity*RENELC,bleu,South,South,Shopping,Warehouse,No,No,9.313495,1.994518,197,4.67,<.0001
REGION*activity*RENELC,bleu,South,West,Shopping,Education,No,Yes,4.163509,6.087420,197,0.68,0.4948
REGION*activity*RENELC,bleu,South,West,Shopping,Education,No,No,8.167306,1.234699,197,6.61,<.0001
REGION*activity*RENELC,bleu,South,West,Shopping,Office,No,Yes,7.171223,1.233314,197,5.81,<.0001
REGION*activity*RENELC,bleu,South,West,Shopping,Office,No,No,3.115696,1.606679,197,1.94,0.0539
REGION*activity*RENELC,bleu,South,West,Shopping,Service,No,Yes,10.272209,2.668418,197,3.85,0.0002
REGION*activity*RENELC,bleu,South,West,Shopping,Service,No,No,7.712406,1.741782,197,4.43,<.0001
REGION*activity*RENELC,bleu,South,West,Shopping,Shopping,No,Yes,5.889183,3.555003,197,1.66,0.0992
REGION*activity*RENELC,bleu,South,West,Shopping,Shopping,No,No,0.666599,2.063993,197,0.32,0.7471
REGION*activity*RENELC,bleu,South,West,Shopping,Warehouse,No,Yes,12.683566,1.499606,197,8.46,<.0001
REGION*activity*RENELC,bleu,South,West,Shopping,Warehouse,No,No,11.940310,1.107792,197,10.78,<.0001
REGION*activity*RENELC,bleu,South,South,Warehouse,Warehouse,Yes,No,2.750937,2.370438,197,1.16,0.2472
REGION*activity*RENELC,bleu,South,West,Warehouse,Education,Yes,Yes,-2.399050,6.332999,197,-0.38,0.7052
REGION*activity*RENELC,bleu,South,West,Warehouse,Education,Yes,No,1.604747,2.028882,197,0.79,0.4299
REGION*activity*RENELC,bleu,South,West,Warehouse,Office,Yes,Yes,0.608665,2.028881,197,0.30,0.7645
REGION*activity*RENELC,bleu,South,West,Warehouse,Office,Yes,No,-3.446862,2.306680,197,-1.49,0.1367
REGION*activity*RENELC,bleu,South,West,Warehouse,Service,Yes,Yes,3.709650,3.115985,197,1.19,0.2353
REGION*activity*RENELC,bleu,South,West,Warehouse,Service,Yes,No,1.149847,2.391465,197,0.48,0.6312
REGION*activity*RENELC,bleu,South,West,Warehouse,Shopping,Yes,Yes,-0.673375,3.980210,197,-0.17,0.8658
REGION*activity*RENELC,bleu,South,West,Warehouse,Shopping,Yes,No,-5.895959,2.635352,197,-2.24,0.0264
REGION*activity*RENELC,bleu,South,West,Warehouse,Warehouse,Yes,Yes,6.121007,2.207723,197,2.77,0.0061
REGION*activity*RENELC,bleu,South,West,Warehouse,Warehouse,Yes,No,5.377752,1.957725,197,2.75,0.0066
REGION*activity*RENELC,bleu,South,West,Warehouse,Education,No,Yes,-5.149987,6.215308,197,-0.83,0.4083
REGION*activity*RENELC,bleu,South,West,Warehouse,Education,No,No,-1.146190,1.735308,197,-0.66,0.5097
REGION*activity*RENELC,bleu,South,West,Warehouse,Office,No,Yes,-2.142272,1.733479,197,-1.24,0.2180
REGION*activity*RENELC,bleu,South,West,Warehouse,Office,No,No,-6.197799,2.023458,197,-3.06,0.0025
REGION*activity*RENELC,bleu,South,West,Warehouse,Service,No,Yes,0.958713,2.927661,197,0.33,0.7437
REGION*activity*RENELC,bleu,South,West,Warehouse,Service,No,No,-1.601090,2.130268,197,-0.75,0.4532
REGION*activity*RENELC,bleu,South,West,Warehouse,Shopping,No,Yes,-3.424312,3.774642,197,-0.91,0.3654
REGION*activity*RENELC,bleu,South,West,Warehouse,Shopping,No,No,-8.646896,2.387430,197,-3.62,0.0004
REGION*activity*RENELC,bleu,South,West,Warehouse,Warehouse,No,Yes,3.370071,1.931288,197,1.74,0.0825
REGION*activity*RENELC,bleu,South,West,Warehouse,Warehouse,No,No,2.626815,1.647405,197,1.59,0.1124
REGION*activity*RENELC,bleu,West,West,Education,Education,Yes,No,4.003797,6.151389,197,0.65,0.5159
REGION*activity*RENELC,bleu,West,West,Education,Office,Yes,Yes,3.007715,6.000878,197,0.50,0.6168
REGION*activity*RENELC,bleu,West,West,Education,Office,Yes,No,-1.047812,5.650316,197,-0.19,0.8531
REGION*activity*RENELC,bleu,West,West,Education,Service,Yes,Yes,6.108700,6.349649,197,0.96,0.3372
REGION*activity*RENELC,bleu,West,West,Education,Service,Yes,No,3.548897,6.760898,197,0.52,0.6002
REGION*activity*RENELC,bleu,West,West,Education,Shopping,Yes,Yes,1.725675,7.120417,197,0.24,0.8088
REGION*activity*RENELC,bleu,West,West,Education,Shopping,Yes,No,-3.496909,5.935329,197,-0.59,0.5564
REGION*activity*RENELC,bleu,West,West,Education,Warehouse,Yes,Yes,8.520057,6.102554,197,1.40,0.1642
REGION*activity*RENELC,bleu,West,West,Education,Warehouse,Yes,No,7.776802,5.994526,197,1.30,0.1960
REGION*activity*RENELC,bleu,West,West,Education,Office,No,Yes,-0.996082,1.087388,197,-0.92,0.3608
REGION*activity*RENELC,bleu,West,West,Education,Office,No,No,-5.051609,1.822538,197,-2.77,0.0061
REGION*activity*RENELC,bleu,West,West,Education,Service,No,Yes,2.104903,2.145148,197,0.98,0.3277
REGION*activity*RENELC,bleu,West,West,Education,Service,No,No,-0.454900,1.437489,197,-0.32,0.7520
REGION*activity*RENELC,bleu,West,West,Education,Shopping,No,Yes,-2.278122,3.367857,197,-0.68,0.4996
REGION*activity*RENELC,bleu,West,West,Education,Shopping,No,No,-7.500706,2.034088,197,-3.69,0.0003
REGION*activity*RENELC,bleu,West,West,Education,Warehouse,No,Yes,4.516260,1.645610,197,2.74,0.0066
REGION*activity*RENELC,bleu,West,West,Education,Warehouse,No,No,3.773005,0.854880,197,4.41,<.0001
REGION*activity*RENELC,bleu,West,West,Office,Office,Yes,No,-4.055527,1.257002,197,-3.23,0.0015
REGION*activity*RENELC,bleu,West,West,Office,Service,Yes,Yes,3.100986,2.447667,197,1.27,0.2067
REGION*activity*RENELC,bleu,West,West,Office,Service,Yes,No,0.541182,1.580799,197,0.34,0.7325
REGION*activity*RENELC,bleu,West,West,Office,Shopping,Yes,Yes,-1.282040,3.545708,197,-0.36,0.7181
REGION*activity*RENELC,bleu,West,West,Office,Shopping,Yes,No,-6.504624,1.593276,197,-4.08,<.0001
REGION*activity*RENELC,bleu,West,West,Office,Warehouse,Yes,Yes,5.512343,1.264178,197,4.36,<.0001
REGION*activity*RENELC,bleu,West,West,Office,Warehouse,Yes,No,4.769087,0.942440,197,5.06,<.0001
REGION*activity*RENELC,bleu,West,West,Office,Service,No,Yes,7.156513,2.914030,197,2.46,0.0149
REGION*activity*RENELC,bleu,West,West,Office,Service,No,No,4.596709,2.173403,197,2.11,0.0357
REGION*activity*RENELC,bleu,West,West,Office,Shopping,No,Yes,2.773487,3.638667,197,0.76,0.4468
REGION*activity*RENELC,bleu,West,West,Office,Shopping,No,No,-2.449097,1.620289,197,-1.51,0.1323
REGION*activity*RENELC,bleu,West,West,Office,Warehouse,No,Yes,9.567870,1.429072,197,6.70,<.0001
REGION*activity*RENELC,bleu,West,West,Office,Warehouse,No,No,8.824614,1.502342,197,5.87,<.0001
REGION*activity*RENELC,bleu,West,West,Service,Service,Yes,No,-2.559803,2.813515,197,-0.91,0.3640
REGION*activity*RENELC,bleu,West,West,Service,Shopping,Yes,Yes,-4.383026,4.241085,197,-1.03,0.3027
REGION*activity*RENELC,bleu,West,West,Service,Shopping,Yes,No,-9.605609,2.237077,197,-4.29,<.0001
REGION*activity*RENELC,bleu,West,West,Service,Warehouse,Yes,Yes,2.411357,2.941001,197,0.82,0.4133
REGION*activity*RENELC,bleu,West,West,Service,Warehouse,Yes,No,1.668102,2.374357,197,0.70,0.4832
REGION*activity*RENELC,bleu,West,West,Service,Shopping,No,Yes,-1.823222,3.225291,197,-0.57,0.5725
REGION*activity*RENELC,bleu,West,West,Service,Shopping,No,No,-7.045806,2.257163,197,-3.12,0.0021
REGION*activity*RENELC,bleu,West,West,Service,Warehouse,No,Yes,4.971160,2.079403,197,2.39,0.0178
REGION*activity*RENELC,bleu,West,West,Service,Warehouse,No,No,4.227905,1.746793,197,2.42,0.0164
REGION*activity*RENELC,bleu,West,West,Shopping,Shopping,Yes,No,-5.222584,3.679226,197,-1.42,0.1573
REGION*activity*RENELC,bleu,West,West,Shopping,Warehouse,Yes,Yes,6.794383,3.672772,197,1.85,0.0658
REGION*activity*RENELC,bleu,West,West,Shopping,Warehouse,Yes,No,6.051127,3.581668,197,1.69,0.0927
REGION*activity*RENELC,bleu,West,West,Shopping,Warehouse,No,Yes,12.016967,2.096035,197,5.73,<.0001
REGION*activity*RENELC,bleu,West,West,Shopping,Warehouse,No,No,11.273711,1.858930,197,6.06,<.0001
REGION*activity*RENELC,bleu,West,West,Warehouse,Warehouse,Yes,No,-0.743256,1.146647,197,-0.65,0.5176
